Chaunsa,400nm,401nm,402nm,403nm,404nm,405nm,406nm,407nm,408nm,409nm,410nm,411nm,412nm,413nm,414nm,415nm,416nm,417nm,418nm,419nm,420nm,421nm,422nm,423nm,424nm,425nm,426nm,427nm,428nm,429nm,430nm,431nm,432nm,433nm,434nm,435nm,436nm,437nm,438nm,439nm,440nm,441nm,442nm,443nm,444nm,445nm,446nm,447nm,448nm,449nm,450nm,451nm,452nm,454nm,455nm,456nm,457nm,458nm,459nm,460nm,461nm,462nm,463nm,464nm,465nm,466nm,467nm,468nm,469nm,470nm,471nm,472nm,473nm,474nm,475nm,476nm,477nm,478nm,479nm,480nm,481nm,482nm,483nm,484nm,485nm,486nm,487nm,488nm,489nm,490nm,491nm,492nm,494nm,495nm,496nm,497nm,498nm,499nm,500nm,501nm,502nm,503nm,504nm,505nm,506nm,507nm,508nm,509nm,510nm,511nm,512nm,513nm,514nm,515nm,516nm,517nm,518nm,519nm,520nm,521nm,523nm,524nm,525nm,526nm,527nm,528nm,529nm,530nm,531nm,532nm,533nm,534nm,535nm,536nm,537nm,538nm,539nm,540nm,541nm,542nm,543nm,544nm,545nm,546nm,548nm,549nm,550nm,551nm,552nm,553nm,554nm,555nm,556nm,557nm,558nm,559nm,560nm,561nm,562nm,563nm,564nm,565nm,566nm,567nm,568nm,569nm,571nm,572nm,573nm,574nm,575nm,576nm,577nm,578nm,579nm,580nm,581nm,582nm,583nm,584nm,585nm,586nm,587nm,588nm,589nm,591nm,592nm,593nm,594nm,595nm,596nm,597nm,598nm,599nm,600nm,601nm,602nm,603nm,604nm,605nm,606nm,607nm,608nm,610nm,611nm,612nm,613nm,614nm,615nm,616nm,617nm,618nm,619nm,620nm,621nm,622nm,623nm,624nm,625nm,626nm,628nm,629nm,630nm,631nm,632nm,633nm,634nm,635nm,636nm,637nm,638nm,639nm,640nm,641nm,642nm,643nm,645nm,646nm,647nm,648nm,649nm,650nm,651nm,652nm,653nm,654nm,655nm,656nm,657nm,658nm,659nm,661nm,662nm,663nm,664nm,665nm,666nm,667nm,668nm,669nm,670nm,671nm,672nm,673nm,674nm,676nm,677nm,678nm,679nm,680nm,681nm,682nm,683nm,684nm,685nm,686nm,687nm,688nm,689nm,691nm,692nm,693nm,694nm,695nm,696nm,697nm,698nm,699nm,700nm,701nm,702nm,703nm,704nm,706nm,707nm,708nm,709nm,710nm,711nm,712nm,713nm,714nm,715nm,716nm,717nm,718nm,720nm,721nm,722nm,723nm,724nm,725nm,726nm,727nm,728nm,729nm,730nm,731nm,733nm,734nm,735nm,736nm,737nm,738nm,739nm,740nm,741nm,742nm,743nm,744nm,746nm,747nm,748nm,749nm,750nm,751nm,752nm,753nm,754nm,755nm,756nm,757nm,759nm,760nm,761nm,762nm,763nm,764nm,765nm,766nm,767nm,768nm,769nm,770nm,772nm,773nm,774nm,775nm,776nm,777nm,778nm,779nm,780nm,781nm,782nm,783nm,785nm,786nm,787nm,788nm,789nm,790nm,791nm,792nm,793nm,794nm,795nm,797nm,798nm,799nm,800nm,801nm,802nm,803nm,804nm,805nm,806nm,807nm,809nm,810nm,811nm,812nm,813nm,814nm,815nm,816nm,817nm,818nm,819nm,821nm,822nm,823nm,824nm,825nm,826nm,827nm,828nm,829nm,830nm,832nm,833nm,834nm,835nm,836nm,837nm,838nm,839nm,840nm,841nm,842nm,844nm,845nm,846nm,847nm,848nm,849nm,850nm,851nm,852nm,853nm,855nm,856nm,857nm,858nm,859nm,860nm,861nm,862nm,863nm,864nm,866nm,867nm,868nm,869nm,870nm,871nm,872nm,873nm,874nm,875nm,877nm,878nm,879nm,880nm,881nm,882nm,883nm,884nm,885nm,886nm,888nm,889nm,890nm,891nm,892nm,893nm,894nm,895nm,896nm,897nm,899nm,900nm,901nm,902nm,903nm,904nm,905nm,906nm,907nm,908nm,910nm,911nm,912nm,913nm,914nm,915nm,916nm,917nm,918nm,920nm,921nm,922nm,923nm,924nm,925nm,926nm,927nm,928nm,929nm,931nm,932nm,933nm,934nm,935nm,936nm,937nm,938nm,939nm,941nm,942nm,943nm,944nm,945nm,946nm,947nm,948nm,949nm,951nm,952nm,953nm,954nm,955nm,956nm,957nm,958nm,959nm,960nm,962nm,963nm,964nm,965nm,966nm,967nm,968nm,969nm,970nm,972nm,973nm,974nm,975nm,976nm,977nm,978nm,979nm,980nm,982nm,983nm,984nm,985nm,986nm,987nm,988nm,989nm,990nm,992nm,993nm,994nm,995nm,996nm,997nm,998nm,999nm,1000nm,1002nm,1003nm,1004nm,1005nm,1006nm,1007nm,1008nm,1009nm,1010nm,1012nm,1013nm,1014nm,1015nm,1016nm,1017nm,1018nm,1019nm,1020nm,1022nm,1023nm,1024nm,1025nm,1026nm,1027nm,1028nm,1029nm,1031nm,1032nm,1033nm,1034nm,1035nm,1036nm,1037nm,1038nm,1039nm,1041nm,1042nm,1043nm,1044nm,1045nm,1046nm,1047nm,1048nm,1049nm,1051nm,1052nm,1053nm,1054nm,1055nm,1056nm,1057nm,1058nm,1060nm,1061nm,1062nm,1063nm,1064nm,1065nm,1066nm,1067nm,1068nm,1070nm,1071nm,1072nm,1073nm,1074nm,1075nm,1076nm,1077nm,1078nm,1080nm,1081nm,1082nm,1083nm,1084nm,1085nm,1086nm,1087nm,1089nm,1090nm,1091nm,1092nm,1093nm,1094nm,1095nm,1096nm,1097nm,1099nm,1100nm,
Sample_0,1083,1077,1080,1083,1073,1064,1065,1072,1066,1071,1063,1064,1073,1073,1080,1062,1058,1062,1070,1082,1092,1082,1081,1087,1086,1073,1079,1074,1073,1081,1076,1075,1072,1073,1076,1071,1065,1067,1070,1083,1085,1080,1065,1066,1078,1066,1077,1058,1062,1078,1097,1077,1068,1052,1063,1072,1066,1068,1067,1075,1065,1063,1060,1067,1066,1072,1081,1078,1077,1072,1064,1050,1067,1069,1063,1072,1053,1049,1067,1060,1081,1093,1065,1081,1074,1070,1080,1067,1056,1084,1082,1067,1063,1059,1055,1062,1069,1057,1064,1066,1067,1067,1066,1053,1061,1066,1059,1057,1053,1066,1065,1062,1056,1059,1061,1061,1065,1062,1065,1059,1059,1057,1080,1076,1062,1064,1049,1052,1056,1059,1067,1066,1065,1069,1058,1051,1062,1072,1072,1064,1071,1063,1074,1070,1053,1048,1053,1063,1064,1066,1064,1062,1053,1059,1040,1034,1045,1037,1029,1053,1048,1037,1045,1044,1046,1047,1046,1052,1053,1048,1046,1041,1049,1051,1048,1037,1040,1058,1055,1058,1066,1061,1059,1060,1053,1046,1050,1043,1043,1050,1064,1068,1059,1046,1044,1045,1065,1067,1051,1053,1055,1051,1057,1051,1045,1042,1062,1057,1050,1049,1057,1052,1045,1036,1041,1061,1050,1047,1039,1038,1053,1045,1034,1046,1055,1056,1042,1044,1045,1049,1046,1046,1036,1032,998,990,994,994,997,1011,1026,1012,989,978,966,980,984,967,971,992,1000,990,989,977,966,964,969,976,969,964,966,955,978,989,986,957,955,964,965,964,946,937,946,957,956,967,968,967,949,960,979,986,959,958,978,977,964,971,961,970,982,974,985,978,968,966,964,971,974,954,966,970,968,964,955,967,980,976,959,968,975,976,988,976,971,975,983,976,967,979,985,973,977,985,1012,955,960,978,990,988,1009,1000,1012,1017,996,994,1014,999,996,992,981,986,1008,1018,988,1000,1010,988,990,992,980,974,973,986,987,961,984,981,955,951,953,963,978,957,968,965,982,970,956,967,968,962,981,968,967,971,978,1001,990,977,971,979,976,971,992,995,980,981,999,992,1002,1000,994,983,970,974,987,991,1011,976,970,972,979,1002,996,981,977,986,978,977,981,974,997,1013,998,985,989,977,974,984,981,984,1007,990,978,951,956,956,963,951,1001,997,987,974,986,980,993,980,982,978,982,959,972,990,999,1004,1007,990,991,1001,1006,995,1005,1011,1004,1024,1015,983,1007,1003,1010,998,1003,1007,1011,995,997,999,988,1014,1020,1012,1018,1007,988,949,948,984,1015,999,1009,988,984,1007,1002,973,1012,1015,987,971,969,981,1002,1018,992,975,990,997,994,986,1013,1017,1006,1001,1010,1009,1016,1031,1029,1022,1007,995,993,1011,1012,1029,1017,999,999,1013,1013,1019,1026,1008,992,1014,1031,1025,1006,1022,1019,1004,1025,1028,1018,1007,1049,1039,1033,1038,1014,1005,1041,1028,999,1026,1025,1020,1040,1030,1041,1034,1041,1032,1025,1025,1049,1029,1035,1009,1019,1004,1018,1013,1023,1027,1031,1035,1019,1008,1008,1001,1021,1015,1002,1002,1024,1017,992,1004,1015,1011,1018,1013,1020,1017,1010,1006,1012,1007,1034,1017,1009,1021,1020,1006,1016,1021,1024,1019,1013,1032,1036,1014,1032,1018,1016,1022,1029,1033,1037,1031,1048,1040,1006,1019,1027,1016,1037,1026,1037,1042,1040,1041,1039,1054,1021,1011,1024,1052,1038,1044,1040,1041,1032,1012,1012,1010,998,999,990,993,1016,1034,1025,998,1020,1033,1028,1053,1061,1052,
Sample_1,1076,1072,1068,1073,1079,1065,1063,1069,1063,1059,1063,1063,1072,1066,1070,1055,1065,1069,1074,1070,1073,1070,1080,1085,1092,1081,1085,1081,1062,1077,1062,1056,1064,1074,1082,1075,1084,1059,1065,1062,1069,1064,1074,1070,1065,1060,1075,1068,1058,1071,1071,1064,1058,1056,1046,1060,1074,1071,1069,1082,1070,1059,1068,1069,1075,1062,1075,1075,1067,1062,1051,1050,1065,1066,1053,1048,1039,1042,1063,1067,1068,1069,1058,1068,1081,1074,1088,1064,1065,1079,1080,1078,1071,1062,1050,1060,1067,1053,1062,1070,1060,1048,1049,1046,1066,1067,1056,1058,1063,1071,1053,1062,1062,1061,1067,1053,1069,1066,1073,1062,1065,1058,1073,1054,1057,1071,1058,1055,1058,1064,1069,1074,1077,1078,1076,1060,1058,1072,1066,1059,1062,1056,1065,1072,1065,1062,1057,1070,1050,1035,1053,1050,1038,1046,1059,1052,1055,1040,1037,1047,1041,1030,1047,1049,1068,1046,1047,1037,1025,1032,1048,1050,1054,1053,1045,1046,1051,1062,1062,1060,1055,1058,1058,1050,1047,1044,1046,1037,1057,1055,1059,1062,1054,1039,1027,1035,1056,1052,1045,1062,1070,1042,1040,1031,1035,1036,1046,1047,1043,1049,1063,1051,1036,1036,1040,1040,1049,1050,1039,1033,1049,1041,1033,1028,1040,1048,1046,1039,1037,1037,1045,1043,1023,1007,991,989,997,999,990,991,993,981,1009,989,960,965,967,954,948,981,981,958,962,967,943,943,970,962,961,959,954,941,949,950,962,955,945,948,959,942,947,937,934,953,944,949,951,963,947,946,980,979,960,962,972,950,958,965,947,971,967,955,980,979,964,947,957,960,957,934,934,948,966,955,938,959,979,975,951,955,963,963,988,960,954,950,955,947,960,981,986,976,972,969,994,949,949,986,981,990,1000,992,997,995,981,990,999,986,983,981,971,971,987,1004,995,1001,1006,997,981,985,984,960,959,968,975,938,968,965,949,940,932,948,970,967,966,938,957,960,970,967,978,968,964,955,960,968,973,973,984,978,978,977,971,971,998,986,977,973,991,983,988,978,992,992,965,974,976,982,992,970,978,986,985,995,994,977,975,984,987,998,998,977,986,978,970,967,973,983,987,986,978,969,999,998,963,959,970,970,968,943,979,988,979,958,965,972,982,967,996,977,971,956,964,976,1000,995,993,988,995,996,1017,1007,1015,1014,1006,1010,1011,990,984,1003,1010,982,1004,999,1010,989,989,985,986,1010,1007,994,994,980,985,964,943,970,1001,996,1011,1006,1003,1010,1006,985,1013,1002,986,985,981,997,1015,1001,984,959,981,997,995,992,1016,1014,995,994,1010,1004,997,995,1020,1012,992,982,983,991,1000,1022,1019,1005,984,993,1013,1012,1017,1011,1002,1017,1013,996,994,1003,997,1002,1022,1028,1040,1017,1031,1029,1012,1023,1006,996,1016,1017,997,1011,1021,1033,1040,1022,1032,1018,1032,1030,1029,1028,1044,1030,1021,999,1014,1012,1019,1019,1018,1033,1043,1027,1005,1015,1003,1002,1008,1021,1000,988,1013,994,995,1011,1019,1003,1013,1007,1017,1020,1025,990,1006,994,1029,1017,1026,1016,1014,1005,1002,1019,1021,1017,1024,1027,1022,1024,1034,1026,1028,1027,1024,1027,1027,1030,1043,1040,1015,1022,1037,1011,1034,1026,1051,1046,1036,1050,1044,1043,1030,1018,1028,1048,1048,1039,1041,1046,1025,1011,1012,1005,998,1000,1003,1006,1034,1043,1024,1013,1020,1025,1025,1058,1054,1052,
Sample_2,1087,1073,1074,1069,1096,1076,1068,1072,1063,1069,1069,1067,1071,1076,1080,1063,1069,1083,1075,1082,1091,1081,1090,1085,1076,1065,1074,1073,1068,1083,1085,1075,1072,1080,1075,1077,1082,1066,1055,1077,1068,1070,1066,1059,1068,1062,1065,1063,1064,1067,1078,1066,1066,1061,1059,1071,1068,1062,1056,1069,1072,1067,1062,1063,1057,1065,1083,1090,1074,1063,1061,1056,1066,1075,1062,1059,1058,1051,1064,1071,1068,1074,1069,1068,1067,1068,1067,1056,1064,1082,1075,1067,1069,1061,1047,1056,1058,1058,1058,1060,1071,1065,1055,1061,1055,1068,1067,1060,1064,1068,1070,1068,1062,1065,1063,1066,1066,1060,1080,1074,1062,1066,1063,1065,1069,1066,1054,1062,1075,1077,1077,1060,1072,1074,1070,1061,1064,1071,1060,1058,1067,1059,1060,1064,1062,1059,1070,1071,1059,1055,1050,1056,1059,1061,1045,1049,1051,1033,1039,1048,1045,1052,1052,1055,1049,1047,1044,1043,1040,1053,1042,1032,1051,1063,1056,1061,1063,1058,1058,1065,1071,1058,1061,1056,1064,1058,1067,1057,1060,1056,1052,1065,1057,1049,1055,1049,1049,1053,1049,1065,1059,1050,1061,1050,1051,1038,1050,1049,1062,1051,1066,1057,1050,1045,1036,1048,1046,1049,1041,1045,1055,1047,1040,1039,1044,1053,1052,1050,1038,1041,1059,1050,1046,1019,993,997,1007,1001,1004,1010,1021,1010,1000,988,972,972,974,978,969,1004,1000,977,987,990,959,959,985,976,967,980,974,950,969,967,979,967,971,973,963,954,948,940,950,962,958,967,964,964,948,959,986,976,959,956,963,961,976,974,958,971,973,963,973,970,960,946,964,969,960,957,965,971,978,967,945,958,999,993,961,970,962,962,990,982,970,971,968,971,965,977,981,967,973,965,988,950,948,996,976,981,1004,1004,1007,1005,999,1005,1010,1004,1011,990,989,991,1012,1005,999,997,1013,996,988,988,980,971,967,982,967,957,991,989,970,956,941,954,958,951,961,952,978,964,975,977,974,962,969,968,981,968,965,986,982,980,968,972,977,965,979,982,983,989,998,977,993,975,993,990,978,970,990,982,982,965,974,969,980,1008,981,987,976,997,984,992,994,972,998,1004,986,976,983,986,994,1009,993,983,995,981,962,953,961,973,980,956,994,989,983,964,966,977,988,970,990,999,993,963,966,996,1018,1001,1005,985,990,994,1017,1008,1014,1001,993,1012,1008,989,1002,1001,1011,992,1007,1004,995,999,997,987,990,1016,1010,992,1015,1014,991,950,954,964,988,992,1009,996,993,1000,1003,988,1020,1016,994,975,986,987,992,1008,992,968,977,994,993,1003,1019,1015,1014,1003,1006,1009,995,1005,1027,1024,996,998,987,1012,1024,1038,1020,1000,971,991,1019,1030,1026,999,985,1019,1045,1004,1003,1010,1004,983,1027,1041,1039,1025,1026,1020,1020,1025,1011,992,1010,1028,1007,1006,1023,1030,1041,1019,1038,1021,1020,1019,1014,1031,1054,1017,1019,1003,1012,1023,1025,1021,1023,1038,1036,1027,1035,1018,992,1005,1041,1029,1012,987,997,1006,1004,1015,1020,1012,1020,1001,1009,1012,1020,1005,1009,1023,1050,1013,998,1016,1020,1010,1006,1013,1023,1031,1024,1015,1017,1012,1033,1018,1022,1015,1026,1043,1054,1034,1053,1049,1032,1032,1034,1022,1033,1030,1040,1036,1033,1044,1039,1034,1041,1021,1030,1049,1051,1027,1019,1034,1032,1026,1038,1029,1012,1005,989,992,1032,1045,1023,1006,1038,1036,1028,1049,1063,1051,
Sample_3,1096,1101,1091,1079,1090,1082,1077,1072,1067,1065,1061,1073,1080,1078,1070,1060,1071,1084,1081,1083,1080,1075,1094,1092,1081,1077,1083,1068,1071,1093,1081,1082,1079,1082,1079,1074,1067,1060,1065,1077,1072,1061,1075,1076,1076,1070,1071,1058,1057,1071,1076,1058,1059,1069,1071,1072,1082,1067,1069,1077,1065,1063,1064,1062,1065,1071,1078,1089,1069,1066,1057,1055,1073,1086,1062,1056,1052,1048,1074,1086,1081,1078,1070,1076,1080,1063,1085,1082,1078,1085,1077,1081,1090,1077,1060,1065,1058,1058,1070,1064,1047,1051,1067,1054,1063,1066,1066,1063,1061,1067,1073,1064,1052,1051,1054,1060,1079,1071,1075,1065,1060,1063,1071,1077,1062,1063,1063,1063,1059,1059,1076,1067,1077,1076,1071,1067,1075,1072,1065,1057,1083,1072,1066,1076,1067,1058,1060,1061,1067,1053,1054,1059,1060,1056,1053,1051,1065,1056,1044,1046,1045,1034,1046,1044,1043,1033,1031,1040,1054,1056,1053,1053,1055,1062,1054,1053,1055,1052,1072,1072,1066,1061,1060,1054,1054,1051,1060,1049,1063,1051,1047,1065,1054,1040,1029,1044,1064,1066,1048,1068,1053,1037,1057,1029,1038,1047,1051,1056,1052,1047,1064,1049,1044,1046,1056,1065,1049,1058,1045,1047,1058,1043,1042,1047,1048,1051,1043,1033,1041,1054,1063,1039,1034,1011,1001,992,1003,993,988,996,1020,1006,1004,1005,972,979,979,983,968,984,1002,972,960,979,976,961,985,984,980,987,983,960,976,981,983,961,963,972,973,981,962,950,946,960,948,949,961,972,952,953,982,973,968,961,968,960,968,968,951,970,982,968,975,978,965,949,967,976,954,951,963,963,966,959,940,961,1006,974,962,965,975,975,1005,988,974,976,971,967,962,986,977,975,973,967,987,957,951,983,985,984,992,1007,1022,1016,1001,990,1009,1007,1010,996,998,998,1014,1017,1004,997,994,1000,996,988,990,975,956,968,969,959,973,972,961,951,947,948,956,944,960,951,973,971,968,974,983,957,960,958,959,969,970,976,986,990,982,977,965,966,1000,985,983,981,981,971,988,983,998,1006,976,969,976,971,997,962,953,972,969,989,994,976,979,992,974,994,999,977,1007,1001,996,964,971,971,995,990,971,983,1017,999,972,957,969,981,981,954,986,997,982,962,970,974,988,975,989,983,995,972,972,991,1006,1011,1017,981,982,1004,1013,1012,1007,1017,1001,1019,1013,1002,1010,1017,1020,980,1003,1003,1009,1005,1008,991,999,1004,1018,994,1008,987,989,967,966,971,993,1003,1007,1005,1003,1013,1002,996,1019,1014,1000,975,986,991,1011,1014,989,976,993,995,996,999,1008,1011,999,998,1006,1013,1006,1013,1024,1028,1006,1001,993,1005,1017,1028,1030,1008,993,986,1010,1015,1037,1010,991,1011,1034,1020,1008,1020,1025,1002,1025,1035,1041,1019,1047,1027,1026,1043,1024,1001,1023,1034,1008,1044,1043,1038,1046,1036,1043,1032,1034,1026,1016,1027,1051,1037,1049,1010,1010,1000,1011,1012,1032,1035,1048,1037,1018,1023,1004,1008,1016,1019,993,987,1010,998,995,1000,1009,1007,1024,1014,1016,1016,1006,992,1002,1014,1050,1013,1007,1025,1024,1018,1018,1020,1045,1036,1024,1015,1017,1013,1052,1040,1032,1022,1032,1028,1049,1048,1059,1044,1035,1034,1046,1028,1033,1025,1037,1034,1043,1051,1048,1045,1035,1024,1031,1054,1051,1037,1023,1034,1024,1008,1032,1028,1013,1008,1005,1008,1023,1045,1032,1016,1030,1042,1024,1058,1063,1043,
Sample_4,1083,1080,1065,1077,1080,1080,1060,1068,1056,1045,1069,1073,1065,1064,1066,1066,1064,1071,1081,1077,1075,1080,1080,1077,1084,1071,1083,1077,1073,1083,1074,1081,1084,1088,1086,1068,1070,1069,1060,1075,1078,1075,1065,1072,1077,1065,1068,1069,1060,1068,1080,1067,1068,1060,1058,1064,1063,1063,1057,1072,1065,1060,1064,1068,1058,1064,1065,1056,1051,1052,1069,1051,1055,1070,1066,1069,1057,1048,1077,1069,1059,1051,1062,1078,1077,1067,1067,1079,1080,1085,1076,1070,1078,1066,1056,1064,1080,1059,1055,1065,1069,1058,1060,1065,1061,1055,1049,1045,1054,1063,1069,1077,1068,1065,1052,1058,1069,1059,1063,1056,1050,1059,1065,1072,1064,1074,1066,1063,1061,1061,1063,1069,1067,1070,1057,1055,1063,1074,1051,1059,1071,1061,1059,1065,1056,1052,1056,1064,1054,1049,1059,1067,1057,1061,1051,1050,1053,1043,1038,1050,1044,1035,1044,1049,1043,1042,1039,1045,1059,1056,1038,1044,1061,1051,1051,1049,1056,1053,1053,1052,1052,1060,1063,1053,1050,1057,1062,1056,1051,1049,1056,1062,1056,1049,1041,1041,1061,1057,1056,1062,1062,1057,1058,1037,1048,1047,1049,1068,1057,1053,1057,1044,1046,1046,1053,1044,1049,1042,1042,1038,1054,1045,1048,1045,1048,1044,1056,1065,1047,1047,1039,1037,1034,1021,996,986,1000,991,997,1001,1000,980,1014,993,985,980,972,976,959,978,994,975,973,983,970,958,980,975,963,977,961,938,968,982,969,969,972,969,962,962,951,936,936,962,957,958,969,967,950,953,977,973,950,956,966,958,954,967,962,972,967,960,975,985,961,956,980,975,964,946,953,966,970,959,958,966,973,983,970,967,957,976,995,974,963,967,965,972,967,975,982,992,983,956,976,941,972,1003,979,981,999,996,1011,1004,995,1002,999,994,1001,993,990,985,997,1003,1017,1011,1007,1006,984,980,973,965,960,989,973,955,980,972,946,941,952,945,946,962,973,957,974,969,972,965,970,966,982,971,972,964,992,984,972,974,981,977,974,969,1000,985,977,974,982,965,979,980,981,988,962,976,966,963,973,956,960,968,973,979,965,966,968,988,982,987,984,969,984,984,968,975,982,962,973,977,977,983,1009,976,954,951,964,969,976,961,990,992,984,970,981,968,982,963,988,978,983,965,959,982,1004,1005,1006,983,991,1007,1011,1003,997,1000,987,1012,1000,968,993,1012,1020,982,1006,1007,1018,1002,1012,985,989,1005,1006,986,991,977,979,952,959,963,985,1002,1017,992,987,1006,993,972,1015,1018,983,969,978,985,1002,997,980,971,985,994,979,985,1004,1018,999,988,1009,1013,1004,982,1006,1006,986,995,998,1003,1003,1019,1014,989,972,974,1007,1014,1023,998,986,1023,1032,996,1007,1016,997,987,1018,1031,1030,1020,1037,1034,1023,1040,1021,1002,1021,1025,1008,1014,1030,1038,1044,1010,1022,1032,1028,1008,1019,1033,1049,1034,1027,1004,1004,1013,1005,1007,1018,1041,1043,1033,1018,1018,1001,1000,1016,1021,1000,987,1022,1016,1001,995,1006,1004,1005,1011,1028,1034,1020,1014,1006,1014,1039,1005,991,1027,1032,1012,1020,1007,1016,1024,1015,1022,1033,1015,1023,1010,1031,1028,1026,1032,1042,1037,1046,1039,1003,1012,1036,1021,1017,1011,1043,1041,1032,1038,1035,1027,1036,1014,1029,1049,1036,1026,1028,1049,1020,1004,1013,1026,1005,1006,990,1000,1028,1038,1031,1011,1036,1029,1026,1052,1076,1063,
Sample_5,1092,1083,1083,1083,1084,1081,1081,1061,1069,1083,1080,1077,1079,1078,1080,1069,1075,1089,1085,1073,1077,1080,1079,1083,1076,1072,1080,1089,1071,1080,1078,1078,1082,1084,1085,1081,1088,1075,1081,1079,1073,1077,1073,1063,1075,1077,1074,1072,1068,1081,1073,1068,1074,1060,1072,1073,1074,1075,1071,1067,1068,1069,1072,1061,1068,1069,1078,1073,1076,1071,1065,1073,1088,1074,1059,1057,1052,1059,1076,1068,1087,1080,1070,1081,1083,1076,1073,1075,1075,1074,1078,1077,1068,1072,1068,1071,1084,1066,1063,1073,1062,1084,1059,1058,1061,1064,1070,1066,1056,1068,1075,1082,1083,1056,1056,1063,1077,1066,1079,1077,1077,1081,1080,1079,1077,1075,1059,1077,1076,1076,1082,1079,1081,1079,1071,1071,1079,1079,1078,1077,1081,1075,1068,1067,1065,1065,1072,1074,1066,1068,1059,1066,1049,1057,1051,1055,1067,1050,1041,1057,1048,1058,1054,1047,1064,1048,1036,1046,1061,1051,1041,1057,1061,1046,1057,1064,1059,1071,1074,1072,1056,1070,1069,1049,1051,1058,1054,1056,1056,1048,1068,1068,1072,1053,1057,1050,1058,1051,1058,1062,1062,1052,1053,1038,1041,1041,1050,1053,1063,1056,1057,1049,1045,1037,1043,1046,1049,1054,1041,1059,1062,1061,1058,1053,1047,1042,1054,1052,1048,1049,1043,1042,1036,1022,1000,1003,1027,1017,1013,1017,1024,1008,1006,995,983,990,982,974,965,992,1004,980,992,992,977,984,988,977,975,979,980,967,984,974,984,979,988,966,961,957,951,942,942,961,941,959,964,972,966,966,986,982,973,971,978,965,975,974,965,970,978,982,989,973,972,961,974,974,964,952,965,981,1001,980,957,961,981,980,957,962,977,978,989,977,971,972,982,975,969,996,999,981,976,966,983,954,960,993,977,979,993,1000,1009,1004,1012,1014,1011,1007,1020,996,993,985,1002,1001,1007,1008,1018,990,977,987,991,979,968,980,972,956,972,966,951,947,956,955,957,961,961,952,985,963,966,988,982,971,975,974,975,976,978,992,992,984,987,995,990,969,993,1002,998,990,1009,1007,1009,983,988,980,975,981,996,986,997,992,968,973,980,996,976,993,995,1004,994,1005,999,994,1006,991,1000,976,986,988,1000,993,985,994,1011,998,984,964,967,973,966,950,986,995,996,975,977,976,1000,981,1000,984,992,969,985,999,1023,1013,1014,999,999,1001,1020,1018,1010,1010,1009,1034,1026,1008,1020,1030,1027,1006,1007,996,1012,1008,1007,1013,1017,1013,1011,996,1013,1003,1000,968,970,981,999,1011,1007,997,992,1020,1010,1001,1035,1012,997,985,995,987,1013,1022,998,976,996,997,1004,1012,1039,1039,1017,997,1014,1018,1021,1023,1037,1028,1009,998,996,994,993,1023,1018,991,991,1001,1031,1020,1045,1024,993,1007,1028,1020,1018,1028,1015,1010,1024,1039,1034,1021,1037,1050,1040,1032,1020,1017,1033,1045,1017,1024,1039,1034,1055,1022,1030,1033,1031,1025,1024,1043,1067,1044,1032,1021,1014,1020,1022,1030,1029,1043,1053,1042,1021,1033,1017,997,1021,1030,1018,1001,1025,1006,1010,1012,1028,1022,1030,1007,1003,1030,1027,1011,1017,1019,1052,1027,994,1017,1019,1011,1030,1034,1055,1038,1020,1011,1011,1022,1043,1025,1028,1018,1022,1027,1036,1039,1051,1050,1032,1029,1027,1011,1031,1033,1046,1049,1051,1053,1051,1051,1041,1021,1032,1050,1049,1045,1046,1041,1028,1010,1014,1031,1011,1013,1002,1024,1038,1045,1023,1008,1031,1031,1033,1071,1081,1061,
Sample_6,1094,1089,1084,1090,1092,1077,1060,1077,1075,1076,1070,1078,1076,1067,1085,1088,1067,1088,1081,1089,1089,1085,1088,1090,1078,1082,1084,1077,1068,1073,1082,1074,1065,1078,1085,1092,1097,1079,1083,1067,1073,1070,1067,1069,1069,1069,1081,1082,1069,1063,1065,1066,1068,1052,1056,1065,1075,1063,1064,1076,1063,1057,1061,1067,1065,1064,1079,1086,1081,1073,1071,1072,1066,1076,1070,1072,1058,1062,1069,1071,1093,1088,1078,1078,1078,1066,1086,1073,1063,1085,1096,1078,1068,1064,1069,1076,1067,1068,1067,1072,1067,1064,1067,1071,1052,1051,1066,1067,1064,1068,1069,1069,1060,1064,1064,1066,1080,1064,1061,1052,1054,1072,1074,1079,1067,1070,1065,1066,1074,1072,1074,1065,1083,1082,1076,1055,1072,1072,1062,1069,1087,1079,1087,1076,1063,1056,1049,1060,1050,1057,1076,1071,1066,1065,1043,1045,1057,1053,1058,1045,1046,1043,1043,1042,1038,1047,1047,1044,1051,1057,1052,1055,1070,1062,1063,1056,1065,1064,1067,1070,1067,1062,1069,1069,1071,1061,1072,1054,1052,1058,1068,1071,1060,1052,1047,1040,1060,1060,1055,1062,1058,1048,1058,1041,1048,1039,1057,1067,1060,1052,1053,1054,1056,1053,1051,1046,1042,1055,1051,1050,1074,1048,1045,1050,1046,1059,1047,1048,1049,1052,1053,1049,1037,1030,1013,998,1012,995,996,1008,1011,1002,1008,988,976,980,984,965,951,972,990,972,972,971,964,967,986,983,980,983,976,945,960,969,988,975,972,969,954,950,957,946,944,958,950,964,966,968,951,960,994,990,976,970,968,966,973,977,961,963,976,963,977,973,976,970,991,984,963,956,965,967,984,982,963,972,990,968,968,964,970,980,999,979,978,980,985,972,965,977,976,965,977,977,990,966,956,1011,1006,1001,999,1001,1015,1007,997,1007,998,1008,1013,1003,995,986,1007,1020,1013,1000,1006,996,991,997,988,982,982,991,973,960,997,979,967,949,948,972,965,960,967,963,984,966,960,977,975,968,981,969,978,968,976,979,974,970,969,985,978,966,985,991,973,990,992,979,986,988,1007,999,986,984,991,986,999,986,978,984,981,994,982,990,994,1006,1001,1004,981,973,995,1006,997,986,1012,1002,995,1012,1001,988,1006,993,975,961,978,988,986,963,989,986,992,972,970,973,988,974,981,989,993,967,995,1005,1019,1008,1003,997,994,1003,1013,1006,1019,1018,1011,1032,1020,984,996,1006,1020,1007,1022,1010,1010,1006,1002,1002,1010,1017,1011,999,1018,1001,997,973,968,970,1004,1012,1014,992,989,1018,1012,996,1019,1005,985,996,1006,1014,1012,1026,1023,973,996,995,981,1003,1036,1038,1031,1012,1024,1008,1011,1017,1024,1006,984,986,993,999,1005,1032,1029,1000,976,1003,1014,1023,1025,1025,1008,1012,1033,1018,1014,1015,1004,990,1030,1044,1046,1011,1038,1030,1036,1052,1025,1006,1025,1031,1018,1029,1037,1033,1037,1016,1045,1043,1037,1026,1015,1034,1064,1031,1029,1001,1009,1012,1017,1023,1017,1038,1047,1044,1025,1012,995,1011,1029,1010,1003,998,1023,1002,1002,1012,1016,1009,1026,1012,1012,1033,1025,1007,1011,1027,1042,1011,1016,1024,1033,1022,1023,1010,1031,1038,1019,1018,1015,1024,1044,1025,1025,1022,1039,1040,1056,1037,1037,1038,1010,1027,1028,1016,1024,1028,1054,1039,1044,1059,1057,1043,1029,1014,1030,1056,1044,1032,1038,1039,1033,1017,1024,1021,1000,1011,1000,1008,1019,1041,1031,1011,1040,1044,1039,1061,1075,1054,
Sample_7,1091,1076,1077,1082,1090,1070,1077,1076,1067,1070,1075,1078,1081,1065,1063,1063,1051,1072,1076,1071,1087,1082,1080,1081,1073,1073,1077,1084,1067,1073,1080,1069,1075,1075,1068,1065,1073,1069,1070,1072,1070,1077,1071,1059,1065,1062,1072,1070,1071,1079,1062,1055,1063,1063,1058,1061,1069,1060,1046,1058,1050,1065,1059,1058,1058,1077,1080,1067,1053,1057,1061,1063,1072,1071,1065,1065,1045,1046,1071,1060,1068,1063,1068,1076,1072,1062,1076,1079,1067,1080,1080,1064,1062,1071,1067,1072,1064,1070,1074,1063,1064,1060,1053,1056,1051,1047,1057,1056,1073,1069,1055,1046,1046,1051,1049,1060,1076,1064,1060,1065,1068,1079,1068,1072,1066,1067,1062,1067,1069,1061,1069,1057,1074,1077,1068,1057,1068,1064,1065,1070,1072,1057,1061,1066,1068,1066,1055,1069,1066,1055,1065,1054,1052,1064,1048,1048,1047,1030,1047,1053,1053,1061,1050,1044,1036,1032,1041,1038,1042,1044,1032,1036,1053,1055,1064,1062,1055,1054,1068,1054,1050,1067,1074,1059,1063,1057,1065,1056,1047,1042,1047,1068,1066,1053,1046,1049,1065,1062,1048,1058,1058,1042,1050,1057,1052,1046,1052,1053,1060,1049,1069,1057,1050,1044,1044,1037,1044,1043,1051,1044,1054,1056,1052,1059,1058,1059,1045,1055,1056,1047,1054,1040,1040,1029,1003,992,1013,998,1001,986,1014,1015,1014,1001,969,976,977,970,956,993,990,964,972,980,969,961,966,982,963,971,983,951,971,978,999,975,960,968,963,959,958,945,949,975,954,966,969,968,954,954,978,984,964,961,975,957,977,984,971,980,973,969,980,981,976,968,975,975,965,952,956,964,981,976,967,963,997,974,968,964,960,967,982,974,969,974,976,976,967,987,987,978,985,984,996,960,949,985,986,976,989,998,1002,998,998,1004,1010,1020,1030,1002,992,982,1000,1010,990,1009,1003,995,1002,1002,987,964,955,990,981,956,987,970,963,952,957,961,956,951,956,962,981,965,954,974,971,962,978,972,983,972,976,975,978,976,984,980,978,974,1007,1002,983,977,998,998,1002,989,994,983,980,979,981,985,986,973,976,979,973,995,986,984,973,991,995,990,1000,982,1004,993,983,985,993,990,997,989,969,984,1003,1008,978,962,962,962,966,957,993,997,988,958,970,973,986,973,996,972,986,960,977,995,1007,1006,1001,980,990,999,1004,1006,1013,1011,1012,1020,1015,984,993,1012,1029,996,998,1011,1004,998,1005,990,1000,1012,1017,1009,997,993,989,958,971,981,1003,1012,1015,1020,1010,1021,1021,989,1016,1001,986,981,981,993,1015,1030,1003,976,979,989,990,1003,1010,1020,997,1006,1007,1014,1008,986,1008,1019,1014,987,986,992,1004,1024,1027,998,980,998,1021,1015,1035,1015,1003,1014,1028,1014,1000,1011,1016,1004,1024,1038,1032,1019,1047,1022,1026,1038,998,984,1012,1019,1014,1025,1036,1026,1044,1024,1038,1039,1025,1015,1026,1054,1053,1031,1027,1018,1027,1030,1047,1020,1030,1035,1028,1026,1023,1036,1014,1012,1015,1015,1016,997,1017,1007,994,998,1011,1002,1010,993,1017,1032,1021,1007,1010,1005,1050,1009,998,1022,1026,1018,1018,1017,1031,1012,1023,1028,1016,1014,1030,1015,1024,1016,1018,1037,1045,1046,1050,1033,1018,1023,1028,1024,1023,1031,1038,1036,1044,1050,1041,1030,1031,1012,1017,1044,1037,1031,1050,1047,1017,1004,1017,1023,998,1014,1000,991,1027,1051,1022,1000,1015,1016,1036,1072,1081,1055,
Sample_8,1080,1089,1083,1075,1077,1073,1065,1064,1061,1057,1062,1066,1068,1065,1082,1065,1061,1069,1091,1078,1076,1077,1091,1096,1084,1076,1082,1087,1072,1078,1076,1069,1076,1080,1082,1064,1075,1058,1053,1079,1080,1066,1071,1057,1067,1066,1071,1065,1061,1068,1067,1056,1069,1059,1063,1057,1065,1055,1053,1067,1062,1047,1065,1062,1048,1069,1075,1075,1081,1057,1073,1069,1071,1070,1056,1060,1046,1050,1062,1068,1074,1069,1058,1071,1062,1068,1086,1062,1064,1084,1077,1068,1074,1063,1047,1041,1063,1060,1068,1065,1070,1058,1061,1055,1049,1042,1055,1046,1052,1060,1069,1073,1056,1043,1050,1067,1063,1062,1066,1058,1059,1049,1060,1071,1066,1067,1060,1068,1060,1057,1063,1059,1071,1068,1063,1059,1064,1063,1061,1051,1056,1071,1069,1065,1058,1041,1050,1059,1059,1047,1056,1059,1058,1065,1056,1045,1052,1041,1038,1047,1049,1037,1052,1055,1054,1046,1043,1056,1064,1044,1034,1036,1052,1044,1040,1046,1065,1052,1049,1054,1069,1067,1065,1068,1068,1059,1057,1052,1046,1047,1062,1070,1060,1059,1041,1036,1062,1060,1054,1061,1058,1043,1065,1049,1039,1031,1052,1047,1052,1053,1062,1043,1043,1041,1037,1033,1049,1050,1052,1039,1047,1041,1042,1034,1039,1036,1037,1036,1036,1054,1040,1029,1041,1028,983,990,1011,996,998,995,1005,990,1001,985,965,977,979,960,950,970,975,964,974,989,959,952,963,958,972,987,979,948,968,975,983,951,964,967,968,967,955,938,932,946,960,971,967,961,939,948,985,981,960,959,973,963,971,982,959,967,965,960,978,975,965,949,967,980,978,940,944,962,974,972,952,958,987,976,969,971,971,972,992,976,964,966,975,971,972,985,977,977,984,970,980,943,953,980,983,973,990,1000,994,986,985,995,997,1007,1017,1000,997,981,986,1007,993,998,1017,986,973,995,991,968,974,980,970,951,982,967,948,948,947,966,966,958,975,962,972,981,976,974,978,957,964,970,971,979,982,970,979,983,986,978,968,961,992,991,969,985,999,985,997,986,996,986,969,977,984,981,990,959,956,970,983,986,992,971,972,1007,999,989,978,981,991,991,985,978,990,974,979,981,990,981,1010,998,977,948,958,963,967,963,990,987,986,960,976,970,1002,991,986,979,990,968,979,1008,1010,1007,1022,974,979,1008,1025,1016,998,995,1004,1014,1011,994,993,1003,1002,966,988,991,1001,999,992,991,1001,1004,1000,985,1004,1001,980,946,948,964,995,988,1004,990,999,1003,1010,981,1006,997,996,999,978,984,1009,1028,994,970,987,987,984,990,1021,1011,1010,1001,1024,1017,1008,993,1014,1018,995,992,994,997,995,1015,1006,993,979,1002,1002,998,1007,989,990,1011,1023,1008,1003,1013,1010,995,1013,1025,1022,1000,1026,1027,1022,1037,1014,992,1011,1025,1003,1016,1024,1025,1040,1022,1043,1028,1035,1023,1008,1024,1040,1037,1028,1014,1014,1013,1011,1012,1015,1033,1036,1039,1028,1016,1005,1008,1024,1020,1014,988,1015,996,1003,990,1013,1013,1017,999,1017,1030,1013,996,1004,1020,1044,1016,1010,1023,1018,1013,1021,1020,1028,1032,1027,1028,1016,1022,1052,1030,1018,1011,1028,1036,1034,1040,1040,1030,1008,1022,1024,1018,1041,1013,1025,1023,1029,1028,1032,1035,1025,1008,1024,1035,1037,1026,1018,1031,1026,1005,1000,1012,1009,1001,998,1013,1025,1040,1027,1010,1017,1022,1025,1056,1080,1072,
Sample_9,1071,1077,1065,1060,1065,1068,1066,1069,1066,1077,1073,1072,1076,1055,1066,1069,1063,1074,1081,1079,1079,1077,1078,1086,1086,1069,1081,1068,1051,1082,1071,1071,1070,1090,1095,1060,1066,1065,1079,1077,1068,1076,1076,1068,1072,1063,1066,1071,1060,1085,1085,1072,1070,1063,1073,1081,1080,1053,1056,1067,1072,1068,1067,1061,1065,1066,1074,1079,1065,1062,1068,1059,1054,1057,1051,1065,1045,1054,1074,1085,1077,1064,1072,1088,1083,1064,1074,1069,1069,1069,1078,1084,1074,1058,1061,1074,1088,1059,1069,1069,1063,1068,1063,1070,1062,1066,1059,1066,1060,1058,1064,1061,1065,1071,1067,1059,1065,1054,1058,1053,1066,1064,1052,1056,1059,1080,1076,1061,1070,1078,1081,1063,1074,1080,1069,1065,1062,1062,1066,1064,1076,1076,1071,1061,1058,1068,1057,1057,1053,1050,1052,1055,1048,1043,1042,1031,1051,1048,1041,1041,1041,1045,1051,1047,1055,1043,1044,1041,1046,1047,1050,1048,1052,1052,1062,1054,1049,1058,1060,1058,1062,1055,1063,1057,1060,1066,1068,1049,1046,1047,1054,1066,1061,1057,1044,1042,1056,1065,1058,1057,1064,1049,1060,1042,1035,1034,1048,1060,1063,1053,1076,1046,1039,1044,1044,1050,1044,1040,1039,1056,1079,1040,1027,1045,1044,1032,1042,1042,1060,1052,1051,1032,1019,1007,1001,995,1003,997,994,994,1004,1004,1008,991,971,973,980,966,961,989,997,992,977,978,971,964,981,972,970,976,981,960,978,978,964,961,954,958,956,960,958,943,954,972,957,964,979,975,948,953,996,979,976,968,968,964,976,974,952,966,978,973,979,977,970,966,977,971,963,962,953,964,980,977,960,960,996,984,974,961,968,976,992,977,964,960,972,959,966,987,990,975,982,975,990,957,961,998,996,982,986,989,1021,1002,996,995,1007,1001,1008,998,992,984,1002,1002,996,996,999,989,981,996,979,968,960,970,962,955,991,981,955,947,952,953,956,959,966,948,978,971,982,966,966,957,976,967,964,965,974,978,971,967,981,986,983,969,991,996,976,987,1000,982,1001,988,997,995,974,990,991,983,981,976,979,972,964,989,985,976,980,987,982,980,980,971,989,990,998,978,987,991,999,989,981,992,998,981,974,959,955,959,962,951,985,997,986,970,974,956,975,965,983,977,967,958,967,991,1010,1002,1008,990,982,990,1009,1011,1005,1003,1001,1021,1009,990,1009,1012,1023,987,988,995,1014,1002,999,983,991,1001,1025,994,992,992,990,951,958,963,984,1012,1020,1010,993,1015,1021,990,1021,998,984,973,985,993,1000,1017,1013,975,979,981,976,987,1013,1020,1010,1012,1025,1017,1002,989,1021,1021,995,999,1006,995,992,1009,1020,999,979,994,1006,1015,1029,1006,983,1015,1022,1016,1009,1027,1015,999,1020,1027,1040,1028,1055,1032,1015,1027,1000,1003,1034,1025,1004,1015,1027,1021,1036,1007,1023,1025,1042,1021,1012,1039,1050,1031,1037,1011,1014,1008,1012,1009,1014,1033,1032,1034,1030,1017,995,992,1010,1008,1003,990,1013,1004,997,1000,1017,1014,1022,1004,1015,1025,1032,1011,1003,1016,1053,1029,1011,1030,1030,1016,1028,1018,1024,1016,1013,1028,1020,1027,1039,1014,1025,1023,1025,1033,1045,1031,1036,1033,1019,1032,1042,1025,1033,1029,1042,1028,1025,1032,1040,1050,1038,1015,1028,1053,1036,1024,1039,1056,1032,1015,1018,1009,1006,1010,997,997,1012,1030,1015,999,1024,1023,1030,1052,1074,1058,
Sample_10,1077,1074,1072,1080,1081,1082,1068,1067,1063,1068,1076,1088,1080,1071,1079,1061,1068,1087,1084,1078,1082,1087,1091,1091,1100,1077,1084,1071,1070,1082,1075,1066,1066,1080,1082,1077,1084,1069,1058,1073,1079,1071,1066,1062,1067,1062,1064,1063,1063,1083,1076,1067,1058,1053,1064,1070,1064,1066,1062,1079,1064,1068,1084,1079,1062,1067,1088,1082,1077,1061,1065,1065,1072,1069,1056,1049,1054,1054,1070,1079,1079,1078,1071,1070,1074,1072,1076,1079,1068,1086,1083,1076,1061,1059,1057,1061,1082,1068,1065,1062,1068,1074,1072,1060,1054,1052,1053,1054,1058,1064,1070,1074,1068,1066,1051,1058,1072,1065,1056,1056,1063,1061,1070,1068,1071,1074,1061,1065,1076,1071,1075,1081,1080,1078,1064,1063,1071,1082,1066,1066,1077,1075,1072,1069,1057,1059,1057,1061,1059,1060,1057,1059,1055,1068,1055,1049,1060,1051,1045,1040,1044,1057,1060,1058,1055,1049,1041,1041,1041,1046,1057,1064,1069,1071,1073,1052,1059,1065,1066,1068,1074,1058,1071,1055,1055,1069,1059,1049,1049,1050,1055,1053,1066,1070,1057,1045,1050,1057,1040,1061,1066,1042,1061,1059,1046,1037,1054,1050,1055,1063,1070,1057,1058,1049,1045,1047,1049,1042,1045,1051,1061,1039,1031,1035,1044,1045,1046,1045,1035,1055,1054,1040,1033,1006,986,995,1010,1010,997,997,1014,1001,997,987,962,971,980,974,968,977,971,967,983,992,968,971,974,973,975,980,984,959,958,958,975,962,971,967,962,958,959,943,944,970,966,963,965,964,951,959,971,976,967,964,978,962,953,957,958,976,984,964,973,971,957,944,971,977,966,953,952,968,982,969,944,965,988,977,957,968,975,979,995,979,980,976,977,975,974,984,970,963,970,967,985,949,962,994,989,971,989,1006,999,993,985,997,996,998,1000,997,993,983,980,993,1001,1007,1016,995,991,989,992,970,966,973,958,947,976,978,968,954,944,954,957,948,951,942,966,969,976,962,965,954,959,958,962,961,977,971,984,968,979,988,977,965,972,980,968,985,1001,975,980,970,972,974,960,972,975,967,991,971,965,968,982,986,974,971,981,1002,990,991,990,975,983,986,978,968,975,971,987,987,982,983,995,988,955,952,951,958,962,939,984,981,971,961,966,960,965,965,975,976,981,954,951,979,993,985,987,979,986,992,1003,1001,990,999,996,1007,1000,980,997,1015,1009,979,1001,1007,1000,1009,1001,1000,984,998,1006,1000,995,971,977,944,956,969,998,987,995,986,988,1004,1009,991,1019,1009,985,967,987,1001,1017,1011,990,973,985,997,988,976,1000,1016,998,988,1007,1006,1011,1010,1021,1007,998,981,986,988,994,1019,1022,1005,973,988,1020,1025,1025,1013,996,1005,1013,1004,1008,1002,1002,984,1019,1027,1038,1019,1034,1023,1013,1040,1000,981,1016,1031,1011,1012,1019,1033,1046,1021,1032,1021,1023,1016,1007,1026,1040,1017,1012,1008,1003,995,1015,1020,1010,1034,1037,1030,1027,1012,999,1006,1020,1020,1016,992,1019,1010,1001,991,1006,999,1005,996,1015,1019,1021,994,1006,1018,1036,1001,1005,1025,1011,1014,1016,1000,1020,1019,1026,1026,1024,1007,1029,1031,1025,1011,1009,1031,1043,1037,1048,1032,1024,1018,1028,1018,1016,1006,1025,1028,1031,1043,1033,1033,1027,1014,1024,1051,1045,1040,1035,1034,1029,1010,1010,1014,1000,1009,1007,1008,1014,1029,1010,1010,1033,1029,1032,1061,1078,1049,
Sample_11,1081,1076,1074,1069,1075,1070,1073,1061,1054,1066,1066,1076,1073,1065,1069,1071,1077,1084,1097,1083,1087,1083,1080,1084,1082,1072,1079,1077,1070,1079,1081,1076,1072,1085,1072,1069,1082,1068,1048,1067,1060,1059,1058,1072,1071,1053,1065,1066,1062,1068,1066,1060,1054,1060,1068,1067,1064,1055,1052,1063,1047,1056,1064,1057,1055,1068,1076,1066,1063,1058,1053,1064,1073,1061,1066,1056,1040,1042,1067,1085,1081,1081,1060,1070,1076,1074,1077,1072,1057,1071,1084,1088,1087,1070,1049,1056,1073,1050,1060,1067,1072,1070,1066,1047,1036,1042,1060,1056,1058,1069,1065,1067,1064,1068,1051,1056,1079,1054,1063,1062,1051,1047,1072,1079,1071,1073,1062,1047,1056,1061,1073,1072,1075,1069,1069,1074,1072,1069,1050,1060,1066,1071,1079,1067,1063,1062,1073,1077,1058,1063,1057,1053,1048,1048,1048,1051,1055,1052,1062,1044,1041,1048,1043,1052,1039,1053,1046,1052,1042,1045,1042,1045,1061,1052,1051,1051,1062,1064,1065,1056,1062,1054,1059,1053,1060,1056,1062,1063,1044,1033,1043,1062,1048,1051,1042,1039,1041,1039,1038,1045,1050,1039,1063,1051,1046,1035,1050,1051,1055,1049,1062,1058,1049,1052,1043,1043,1041,1051,1054,1053,1056,1048,1043,1042,1048,1043,1036,1032,1047,1052,1051,1032,1028,1015,985,980,998,1011,1002,1007,1007,1004,999,973,964,975,979,969,958,977,986,974,979,967,959,952,976,967,969,973,977,955,965,970,984,977,969,968,963,958,958,956,945,958,964,960,963,962,948,963,978,972,974,966,962,962,964,963,961,959,964,951,977,985,973,962,967,970,968,966,969,976,993,982,956,960,998,979,957,953,961,974,995,981,971,971,965,957,953,969,976,968,977,971,989,947,946,984,977,973,997,997,1006,1002,982,1006,1002,1003,1005,988,991,979,992,1009,1013,1000,1002,994,986,980,982,969,965,988,982,959,992,981,959,935,947,973,969,967,974,956,976,963,970,976,976,961,969,969,979,980,992,989,983,972,974,994,980,965,991,1000,986,980,982,983,996,999,990,986,977,971,971,979,996,973,991,998,989,988,981,973,981,993,988,1004,991,978,982,992,993,983,1001,982,983,987,986,982,1007,1000,977,954,963,975,969,955,991,992,983,972,964,971,986,976,988,986,984,961,962,986,1008,1008,1010,988,993,1005,1015,1021,1012,1006,1008,1028,1021,993,1011,1024,1029,995,1002,1009,1015,1014,999,994,996,1004,1009,989,1001,1001,998,953,951,974,999,1008,1015,993,996,1007,1014,998,1019,1018,997,978,991,1002,1002,1011,999,970,983,987,980,994,1020,1027,1023,1019,1032,1010,1000,1013,1033,1016,992,989,989,1008,1017,1030,1016,1006,983,1004,1021,1026,1021,1005,1001,1002,1028,1024,1010,1011,1020,1010,1020,1033,1029,1003,1035,1027,1025,1043,1015,995,1029,1018,1006,1016,1023,1029,1045,1017,1034,1020,1023,1011,1023,1039,1059,1037,1024,998,1008,1003,1015,1016,1027,1044,1043,1039,1038,1031,1003,993,1019,1016,1002,989,1007,997,995,998,1024,1017,1028,1012,1009,1019,1015,1010,1012,1021,1049,1027,1029,1032,1020,1018,1023,1010,1018,1025,1030,1026,1014,1013,1038,1016,1030,1027,1037,1042,1059,1048,1050,1032,1015,1022,1038,1024,1029,1027,1045,1041,1038,1049,1042,1039,1015,1013,1035,1052,1044,1032,1043,1062,1033,1018,1024,1030,1007,1006,1016,1004,1020,1039,1027,1003,1034,1032,1025,1060,1078,1061,
Sample_12,1094,1095,1090,1061,1078,1089,1077,1063,1068,1079,1065,1062,1066,1073,1072,1053,1054,1073,1074,1066,1085,1084,1089,1081,1084,1069,1084,1083,1078,1081,1072,1074,1080,1079,1087,1066,1072,1062,1060,1078,1068,1056,1063,1068,1059,1057,1060,1056,1058,1059,1070,1065,1060,1057,1070,1071,1081,1058,1055,1079,1062,1042,1062,1070,1066,1068,1079,1078,1078,1069,1062,1061,1070,1062,1055,1051,1053,1050,1065,1073,1072,1078,1078,1066,1066,1064,1081,1068,1064,1074,1080,1077,1073,1070,1069,1069,1065,1064,1065,1056,1068,1077,1062,1056,1049,1042,1055,1059,1066,1067,1075,1064,1055,1057,1056,1057,1059,1051,1051,1058,1056,1063,1062,1082,1072,1069,1059,1064,1070,1072,1070,1067,1084,1081,1078,1074,1076,1077,1075,1075,1059,1061,1069,1081,1070,1049,1051,1065,1045,1050,1063,1058,1056,1062,1055,1047,1047,1042,1055,1056,1066,1053,1052,1047,1045,1044,1034,1033,1050,1050,1054,1054,1056,1069,1058,1053,1072,1073,1063,1072,1071,1062,1081,1067,1060,1054,1065,1060,1055,1056,1060,1071,1061,1054,1048,1048,1063,1058,1054,1056,1048,1054,1067,1045,1048,1043,1044,1038,1052,1050,1063,1049,1051,1045,1043,1051,1052,1051,1043,1047,1045,1053,1048,1053,1047,1057,1045,1050,1042,1047,1070,1053,1045,1033,1000,1001,1005,992,1001,1010,1014,1008,1010,990,974,978,973,968,953,985,986,984,980,973,964,960,978,972,980,977,973,949,970,975,992,958,960,965,952,945,938,941,951,967,945,956,962,966,948,946,984,974,959,947,957,959,972,970,961,971,975,957,984,983,960,948,969,977,965,951,966,974,976,970,947,983,1008,964,953,967,969,964,992,971,961,963,971,961,970,986,985,975,972,975,981,953,961,999,986,984,999,999,1005,998,1002,1001,1005,1003,1016,1003,992,990,997,997,1002,997,1001,991,980,983,973,976,969,968,957,960,978,977,957,958,960,951,949,953,959,959,983,983,971,974,971,955,968,959,961,971,974,991,978,972,984,999,974,966,998,993,976,991,996,979,992,982,980,974,984,975,977,976,984,960,951,967,969,990,994,982,980,995,988,1001,1001,976,992,981,984,992,999,987,981,980,975,983,1003,1001,978,973,977,977,964,956,992,992,988,977,980,979,1001,970,992,975,980,959,975,993,1006,1003,1002,986,991,997,1001,1010,1009,1009,1007,1025,1015,987,1004,1011,1009,998,1011,1007,1015,999,1005,993,999,993,1001,993,1001,1004,993,957,939,954,989,1000,1008,1003,997,1013,1006,992,1014,1012,997,985,1001,987,1000,1024,1004,975,989,990,977,991,1025,1027,1005,1018,1022,1006,1019,1014,1023,1012,1002,995,988,1005,1011,1018,1024,999,976,999,1025,1020,1027,999,983,1006,1032,1018,1005,1016,1003,991,1024,1034,1030,1008,1017,1028,1010,1039,1022,1000,1031,1021,1015,1026,1033,1030,1055,1018,1028,1033,1033,1029,1026,1037,1046,1032,1020,1005,1014,1008,1013,1018,1029,1052,1049,1037,1031,1017,1005,991,1015,1019,1004,980,1003,996,999,1010,1033,1026,1033,1009,1013,1035,1033,1016,1016,1027,1053,1032,1023,1023,1032,1021,1020,1019,1040,1035,1029,1039,1028,1024,1042,1026,1034,1011,1022,1032,1046,1039,1051,1041,1014,1022,1035,1025,1025,1024,1025,1037,1033,1050,1056,1054,1040,1017,1028,1051,1046,1041,1042,1040,1025,1001,1022,1020,1003,1009,1003,1004,1024,1043,1019,1009,1036,1034,1038,1063,1080,1058,
Sample_13,1078,1080,1077,1078,1082,1071,1065,1068,1062,1074,1084,1070,1082,1079,1069,1046,1049,1070,1083,1072,1079,1072,1078,1079,1076,1063,1070,1061,1058,1072,1071,1071,1066,1067,1082,1076,1082,1063,1049,1073,1060,1063,1062,1058,1072,1075,1070,1060,1052,1075,1076,1059,1070,1052,1061,1065,1059,1054,1060,1069,1064,1065,1082,1073,1054,1062,1074,1065,1059,1061,1073,1058,1071,1069,1064,1061,1056,1040,1056,1063,1071,1064,1060,1078,1070,1071,1086,1075,1056,1085,1082,1074,1075,1065,1054,1066,1069,1058,1059,1059,1057,1064,1064,1068,1064,1057,1069,1057,1069,1070,1066,1067,1054,1062,1058,1060,1064,1064,1072,1078,1074,1061,1053,1057,1068,1067,1067,1064,1066,1056,1062,1066,1069,1075,1068,1062,1065,1070,1060,1053,1063,1084,1078,1074,1055,1045,1058,1059,1053,1043,1054,1061,1045,1055,1053,1040,1051,1040,1044,1046,1050,1050,1053,1055,1055,1047,1036,1047,1039,1043,1043,1033,1056,1045,1055,1055,1053,1051,1065,1064,1056,1066,1073,1068,1053,1046,1053,1047,1044,1049,1047,1064,1056,1047,1037,1052,1061,1062,1054,1051,1054,1033,1045,1040,1042,1037,1054,1051,1047,1050,1057,1052,1048,1054,1043,1049,1038,1046,1053,1042,1054,1049,1043,1045,1037,1036,1054,1042,1051,1054,1051,1044,1038,1027,990,980,997,981,989,1005,1011,996,999,981,962,973,966,962,949,982,984,961,966,974,955,951,973,971,975,974,962,955,964,973,977,960,970,966,947,947,948,948,951,963,946,954,961,955,945,946,987,979,957,955,979,971,978,966,961,974,980,961,978,989,962,952,964,966,952,940,950,969,971,952,937,952,985,967,955,970,969,963,979,965,962,964,972,964,955,975,979,964,968,973,976,940,941,981,989,984,998,1001,1011,995,995,997,1007,1008,995,997,985,971,992,1007,1001,999,1001,981,984,990,980,961,959,968,969,948,978,981,957,945,946,950,957,952,957,956,973,967,970,978,974,961,970,956,960,965,974,977,984,986,983,983,961,953,975,978,993,995,1005,994,1002,996,987,982,982,974,972,981,989,960,965,978,982,989,975,978,971,992,996,1000,995,974,986,981,992,983,993,983,994,993,963,979,998,990,974,950,954,972,963,959,995,987,975,962,979,963,973,965,979,987,992,959,957,983,993,994,995,985,987,992,1013,1001,994,1003,995,1009,1015,997,997,1011,1021,987,991,984,997,988,992,992,995,1007,1007,995,1002,991,981,960,962,977,981,1001,1002,989,979,999,1009,974,1006,1004,993,975,974,993,1009,1000,993,971,981,988,981,1008,1017,1006,997,996,1022,1012,998,989,997,1016,985,977,987,1000,1007,1038,1015,986,974,993,1019,1012,1024,1004,994,1017,1022,1015,1012,1012,1008,1007,1018,1020,1023,1014,1029,1017,1011,1024,1017,1002,1020,1022,996,1013,1031,1033,1027,1002,1020,1025,1015,1009,1014,1021,1041,1017,1015,998,1022,1012,1004,1004,1006,1027,1029,1034,1025,1022,1010,1003,1006,1009,996,983,1016,1011,994,984,1009,992,994,990,1013,1020,1019,1000,1001,1008,1034,1002,1004,1023,1014,1000,1006,1006,1039,1032,1019,1015,1013,1009,1036,1009,1017,1010,1020,1035,1041,1043,1058,1029,1008,1017,1025,1019,1017,1017,1038,1043,1044,1044,1034,1040,1023,1007,1024,1045,1033,1023,1034,1038,1033,1015,1022,1010,997,1004,986,992,1016,1045,1019,1001,1012,1020,1031,1063,1067,1045,
Sample_14,1069,1074,1076,1067,1067,1056,1059,1069,1065,1077,1086,1071,1073,1072,1076,1063,1070,1068,1084,1082,1081,1072,1084,1079,1085,1065,1084,1081,1075,1083,1076,1072,1077,1091,1084,1074,1095,1081,1065,1076,1078,1072,1070,1061,1075,1075,1066,1062,1064,1067,1073,1063,1070,1049,1041,1063,1077,1073,1067,1073,1065,1059,1065,1071,1060,1056,1079,1062,1058,1059,1066,1060,1068,1058,1057,1056,1053,1043,1062,1062,1067,1073,1050,1070,1075,1073,1092,1079,1064,1069,1083,1083,1069,1051,1053,1056,1062,1058,1059,1059,1064,1056,1055,1055,1044,1042,1061,1067,1063,1060,1070,1070,1061,1056,1058,1054,1066,1054,1069,1063,1054,1063,1053,1057,1069,1068,1071,1068,1057,1050,1064,1062,1057,1057,1065,1066,1069,1066,1071,1070,1078,1067,1065,1072,1070,1064,1060,1056,1053,1059,1068,1069,1065,1062,1046,1046,1050,1041,1053,1054,1054,1048,1048,1051,1041,1036,1037,1045,1049,1046,1049,1046,1048,1062,1058,1052,1054,1061,1067,1057,1055,1058,1066,1066,1053,1064,1075,1052,1057,1051,1046,1061,1049,1042,1045,1040,1042,1044,1050,1064,1052,1049,1057,1041,1047,1047,1046,1051,1062,1050,1064,1058,1062,1051,1041,1042,1053,1049,1038,1038,1049,1043,1036,1048,1048,1058,1049,1046,1042,1046,1052,1039,1022,1024,1004,995,1006,999,1013,1014,1014,1008,1002,988,969,975,975,973,961,981,986,972,981,969,955,955,985,974,973,979,973,951,964,977,984,968,964,954,958,967,960,945,939,962,952,963,957,969,952,966,992,984,960,959,966,955,977,975,967,973,974,961,970,972,970,958,968,965,965,958,955,960,974,959,963,976,988,974,969,982,988,991,995,965,969,961,969,966,966,992,989,963,979,975,997,957,951,981,979,987,1005,1003,1019,997,1005,1011,1004,1004,1017,999,988,979,1001,1000,1006,1004,1007,988,991,978,979,956,959,982,977,963,987,988,963,956,954,952,949,950,966,953,993,969,971,983,975,954,966,952,968,979,998,994,972,966,978,993,976,955,981,980,975,979,980,1000,1015,998,1004,996,984,974,987,983,996,985,979,980,985,993,992,978,981,991,976,989,996,979,991,1004,988,977,985,976,993,996,974,974,996,999,983,955,964,967,961,950,991,993,990,966,972,971,983,972,998,989,983,962,963,987,1001,997,1000,979,1001,1007,1015,1001,1005,997,995,1018,1012,991,999,997,1017,987,992,998,1017,1008,996,996,1017,1024,1007,996,1005,1002,992,956,966,963,982,1007,1014,1016,996,1009,1002,993,1021,1010,995,985,989,1001,1013,1029,1004,977,989,990,990,999,1029,1029,1015,994,1014,1021,1023,1002,1005,1008,988,993,999,1002,998,1019,1011,1005,972,990,999,1015,1032,1021,1014,1026,1037,1017,1007,1007,1009,992,1023,1029,1024,1017,1036,1028,1033,1040,1014,992,1022,1041,1021,1036,1036,1040,1048,1025,1025,1035,1050,1018,1021,1038,1056,1022,1024,998,1018,1013,1028,1021,1021,1039,1038,1039,1023,1028,1007,1000,1020,1023,1008,987,1016,1008,993,979,1002,1006,1016,994,1010,1031,1018,1003,999,1003,1043,1012,1007,1017,1032,1018,1012,1021,1032,1034,1028,1019,1034,1024,1048,1045,1028,1021,1033,1049,1056,1042,1053,1037,1021,1033,1040,1018,1022,1021,1037,1044,1041,1040,1033,1043,1039,1021,1041,1064,1049,1027,1042,1042,1038,1012,1016,1017,1007,993,985,1006,1022,1031,1025,1012,1018,1021,1022,1070,1078,1069,
Sample_15,1096,1097,1082,1082,1089,1078,1077,1066,1054,1066,1076,1089,1084,1082,1083,1065,1059,1078,1101,1080,1086,1084,1085,1090,1090,1084,1075,1087,1085,1085,1094,1085,1080,1089,1095,1088,1091,1071,1067,1086,1074,1067,1087,1091,1084,1074,1074,1066,1071,1080,1081,1069,1073,1063,1070,1074,1076,1075,1069,1072,1066,1051,1048,1067,1064,1066,1064,1072,1067,1066,1084,1079,1079,1072,1065,1066,1068,1045,1080,1082,1072,1073,1080,1086,1074,1069,1093,1081,1060,1070,1087,1079,1067,1070,1062,1069,1087,1072,1076,1074,1081,1090,1071,1065,1048,1049,1059,1064,1063,1062,1075,1072,1053,1066,1073,1072,1077,1069,1070,1071,1069,1064,1064,1070,1074,1066,1067,1062,1072,1083,1083,1056,1071,1073,1073,1071,1084,1084,1081,1085,1086,1068,1082,1088,1071,1061,1058,1068,1065,1053,1066,1068,1068,1067,1040,1040,1065,1057,1054,1050,1054,1055,1062,1047,1053,1039,1036,1047,1055,1051,1051,1043,1058,1068,1059,1063,1067,1069,1065,1068,1063,1069,1072,1059,1065,1066,1070,1051,1055,1050,1064,1066,1059,1063,1058,1050,1066,1053,1047,1067,1065,1055,1058,1043,1044,1054,1058,1054,1065,1065,1070,1050,1059,1047,1045,1047,1055,1056,1052,1056,1071,1056,1041,1044,1049,1053,1044,1045,1057,1062,1057,1050,1029,1025,1001,996,1017,1009,1005,1008,1007,989,1010,999,975,976,975,974,964,977,993,997,982,983,977,974,979,979,969,981,982,953,974,988,999,970,970,969,960,956,974,957,962,972,969,976,969,969,954,965,994,988,960,977,979,972,981,977,966,984,986,971,990,988,972,960,987,979,968,970,979,976,974,975,947,957,991,976,972,976,971,983,1008,984,977,978,978,973,968,987,984,985,987,969,990,956,967,997,988,992,999,1012,1018,1011,998,1003,1003,1004,1002,996,1014,1011,1010,1011,1009,999,996,981,1004,995,991,980,980,984,972,962,995,990,964,952,958,951,957,957,973,960,993,986,981,979,973,964,979,967,975,970,990,995,985,986,976,978,972,972,1001,1006,991,988,993,1003,1025,1004,1001,992,981,981,991,984,994,979,979,979,993,1009,984,982,986,1003,995,1011,998,980,1005,999,993,980,997,996,1011,994,975,992,1014,999,979,949,960,978,969,964,988,996,997,967,989,982,988,995,1002,994,998,972,980,993,1012,1015,1010,990,1006,1014,1024,1026,1011,998,1008,1024,1011,1004,1004,1008,1032,1005,1007,994,1001,1008,1004,1010,1011,1011,1007,993,1013,996,991,968,982,968,985,999,1009,995,983,1002,1005,994,1018,1011,987,994,998,997,1015,1021,993,981,1009,1000,994,1003,1016,1020,1024,1009,1017,1015,1015,1019,1012,1019,1001,991,999,1010,1014,1045,1017,1000,979,998,1015,1019,1026,998,999,1027,1037,1016,1010,1027,1015,990,1032,1034,1035,1012,1033,1040,1031,1037,1004,1006,1029,1029,1025,1033,1044,1036,1049,1031,1035,1031,1036,1016,1024,1030,1055,1042,1037,1011,1010,1015,1034,1029,1022,1038,1042,1034,1032,1027,1018,1019,1030,1022,1020,992,1020,1002,995,1002,1030,1014,1011,998,1020,1026,1028,1027,1025,1020,1038,1016,1002,1024,1031,1022,1033,1027,1031,1030,1031,1029,1030,1011,1033,1019,1032,1036,1030,1031,1041,1050,1055,1039,1033,1039,1038,1030,1045,1040,1043,1035,1050,1049,1052,1059,1038,1022,1027,1050,1045,1041,1053,1051,1038,1021,1028,1032,1021,1013,1000,1004,1029,1043,1017,1027,1039,1033,1032,1065,1070,1053,
Sample_16,1089,1085,1087,1076,1082,1076,1056,1053,1054,1067,1069,1068,1068,1064,1080,1063,1066,1077,1086,1068,1079,1081,1081,1070,1066,1072,1078,1086,1070,1072,1081,1075,1069,1067,1075,1074,1081,1070,1055,1064,1068,1068,1058,1064,1064,1064,1076,1059,1063,1075,1069,1057,1060,1053,1057,1047,1058,1065,1056,1061,1064,1059,1067,1059,1057,1072,1081,1074,1071,1060,1052,1054,1061,1056,1057,1053,1049,1037,1053,1060,1065,1064,1065,1062,1061,1061,1074,1072,1063,1078,1079,1078,1077,1064,1054,1058,1067,1056,1068,1057,1071,1066,1047,1044,1039,1038,1059,1058,1065,1063,1069,1060,1058,1047,1045,1049,1055,1044,1061,1050,1042,1058,1057,1064,1057,1050,1055,1061,1066,1053,1061,1062,1070,1070,1063,1053,1063,1064,1047,1051,1065,1069,1067,1069,1059,1055,1053,1052,1035,1046,1053,1044,1041,1038,1044,1039,1043,1027,1028,1037,1041,1042,1047,1050,1036,1032,1028,1040,1038,1039,1050,1044,1050,1056,1047,1045,1050,1063,1069,1057,1052,1047,1043,1045,1042,1040,1059,1044,1048,1057,1066,1061,1044,1032,1037,1039,1063,1068,1049,1053,1048,1043,1060,1043,1037,1039,1043,1036,1057,1056,1058,1045,1041,1030,1031,1031,1046,1037,1025,1034,1040,1042,1034,1027,1038,1045,1039,1032,1040,1049,1044,1040,1033,1014,986,977,996,999,993,992,1007,1000,996,980,958,968,970,963,947,965,986,979,978,966,946,946,967,962,969,973,967,941,964,974,987,962,973,960,935,943,952,947,938,956,944,942,951,953,936,943,963,961,947,943,964,951,956,958,949,957,958,946,973,981,971,958,958,969,948,945,959,969,984,972,951,954,965,965,950,952,964,969,987,973,974,970,976,976,967,977,976,967,973,973,972,944,954,993,985,988,996,996,1007,1004,1009,1006,1005,995,1005,991,987,979,1012,1011,1008,1002,1002,981,969,977,981,959,950,968,968,945,966,980,962,952,951,948,951,958,960,950,981,980,973,964,957,958,965,965,970,971,971,979,983,989,991,980,974,965,986,985,983,980,989,988,1000,993,998,985,970,974,983,966,975,962,961,972,988,1009,985,982,978,996,989,987,980,966,972,978,984,972,978,984,986,981,990,996,1005,995,971,945,964,983,974,952,983,986,983,966,967,967,985,970,989,984,991,955,946,984,999,1002,1011,982,984,999,1001,1010,1005,997,1007,1026,1009,978,996,1021,1028,996,1007,989,995,994,987,991,994,1012,996,986,998,987,982,957,951,969,984,998,1007,998,999,1004,994,993,1020,1001,989,982,984,974,991,1021,1001,960,983,996,983,990,1015,1023,1004,995,1011,1012,994,1007,1025,1009,987,988,979,989,1004,1021,1015,987,972,984,1008,1019,1024,1008,1006,1019,1033,1009,1003,1011,1007,1004,1018,1032,1037,1021,1027,1011,1006,1034,1008,996,1020,1024,1010,1011,1025,1023,1043,1015,1023,1021,1017,1012,1018,1028,1049,1036,1029,994,1001,1007,1009,1005,995,1028,1024,1029,1020,1026,1009,988,1000,1006,1012,983,1004,1002,984,990,1006,994,1011,1007,1009,1024,1024,996,1008,1013,1042,1015,1002,995,1015,1016,1025,1018,1033,1010,1011,1020,1021,1010,1035,1017,1012,1003,1014,1033,1043,1035,1031,1020,1007,1019,1028,1007,1025,1009,1026,1031,1033,1038,1028,1029,1019,1008,1030,1043,1034,1029,1033,1047,1024,1010,1022,1031,1007,998,992,987,1003,1028,1014,986,1022,1030,1033,1054,1058,1046,
Sample_17,1085,1088,1076,1072,1074,1067,1073,1060,1050,1068,1076,1062,1061,1060,1065,1053,1063,1080,1085,1081,1069,1075,1092,1080,1072,1080,1084,1072,1063,1080,1075,1076,1077,1087,1091,1076,1091,1077,1062,1076,1074,1081,1085,1069,1075,1074,1062,1066,1065,1068,1064,1060,1068,1067,1060,1058,1062,1060,1056,1053,1052,1047,1052,1058,1056,1059,1062,1066,1063,1065,1062,1051,1068,1075,1056,1052,1040,1038,1066,1063,1077,1073,1053,1071,1065,1065,1079,1068,1062,1067,1066,1069,1058,1067,1061,1056,1070,1060,1050,1054,1056,1053,1049,1051,1043,1044,1060,1056,1052,1059,1078,1061,1061,1052,1036,1046,1069,1059,1062,1057,1060,1061,1056,1061,1059,1070,1063,1065,1066,1072,1075,1058,1068,1051,1061,1059,1052,1055,1067,1068,1072,1060,1064,1059,1054,1049,1035,1036,1047,1052,1055,1060,1054,1066,1051,1043,1044,1039,1047,1039,1032,1048,1060,1033,1035,1046,1027,1042,1049,1045,1034,1031,1057,1054,1057,1057,1051,1051,1048,1038,1053,1054,1064,1065,1064,1058,1053,1041,1047,1047,1062,1062,1056,1046,1048,1042,1055,1057,1041,1047,1062,1047,1042,1044,1040,1030,1044,1043,1045,1040,1058,1050,1043,1034,1035,1045,1051,1043,1042,1045,1049,1033,1018,1023,1039,1041,1033,1035,1037,1040,1036,1029,1026,1012,982,981,1008,998,997,993,1006,1002,991,973,962,971,975,963,950,965,972,962,967,969,958,963,966,966,964,969,970,949,974,972,964,951,954,954,946,946,943,943,946,954,957,956,958,962,938,946,969,977,960,951,959,963,962,966,959,960,974,951,954,967,960,953,964,967,967,951,958,959,962,966,944,953,974,966,945,946,948,958,972,963,962,966,967,948,949,958,968,979,985,971,978,941,943,981,982,973,987,997,1000,991,986,983,992,993,985,983,980,973,986,988,990,988,993,966,962,963,972,958,952,966,952,938,968,965,938,926,938,954,950,948,947,946,958,960,967,962,964,956,976,953,963,967,973,970,961,972,977,974,964,949,969,975,976,976,980,972,988,996,992,974,975,964,980,987,986,958,964,959,962,975,967,962,982,1003,987,988,976,980,984,984,977,971,977,970,983,983,981,972,996,990,976,950,951,962,966,934,971,984,966,953,963,965,975,962,978,983,985,965,970,991,1000,989,1007,990,982,1000,1020,1002,1002,997,1002,1019,1012,988,996,1003,1008,982,995,1001,1009,989,995,998,983,989,1003,999,1001,986,990,954,951,960,985,986,1005,994,992,1003,1006,985,1003,997,976,986,990,989,1012,1022,990,963,981,978,992,979,994,1002,998,995,999,1004,1004,1007,1026,1013,977,989,985,985,990,1026,1023,1000,978,998,1021,1019,1023,1003,987,1001,1029,998,1001,1009,1006,1003,1019,1021,1026,1009,1021,1011,1012,1034,1010,1002,1017,1015,1007,1015,1029,1023,1043,1012,1020,1026,1017,1009,1016,1018,1038,1036,1033,986,999,1001,1006,1023,1031,1027,1029,1034,1028,1010,1010,995,1004,1009,997,986,1017,1002,984,983,993,999,1004,999,1017,1015,1006,1003,1003,1004,1041,1004,1006,1024,1028,1010,1012,1010,1016,1020,1029,1005,1015,1013,1022,1013,1023,1020,1024,1037,1043,1034,1050,1029,998,1020,1027,1015,1021,1021,1037,1021,1028,1038,1034,1026,1017,993,1012,1046,1034,1033,1037,1028,1012,1002,1013,1004,991,1008,993,993,1020,1027,1014,999,1016,1015,1022,1048,1052,1049,
Sample_18,1077,1080,1080,1086,1088,1069,1066,1070,1066,1068,1076,1078,1072,1076,1079,1058,1076,1072,1078,1065,1073,1077,1082,1072,1081,1087,1097,1082,1069,1071,1068,1070,1078,1087,1071,1060,1076,1072,1059,1082,1078,1065,1068,1065,1065,1067,1071,1060,1060,1067,1073,1063,1067,1054,1067,1064,1077,1065,1062,1062,1056,1057,1062,1070,1071,1067,1079,1064,1058,1060,1057,1058,1077,1075,1068,1061,1051,1044,1068,1063,1073,1080,1060,1075,1068,1078,1081,1066,1070,1080,1079,1076,1074,1062,1069,1065,1069,1052,1066,1063,1074,1076,1065,1051,1051,1045,1069,1069,1070,1070,1070,1065,1065,1062,1068,1067,1064,1067,1065,1051,1053,1064,1076,1068,1063,1078,1050,1051,1065,1057,1063,1058,1066,1073,1062,1071,1074,1067,1069,1077,1069,1069,1065,1068,1066,1059,1055,1062,1064,1059,1072,1063,1048,1063,1058,1058,1062,1046,1044,1040,1036,1054,1060,1062,1056,1040,1025,1034,1045,1044,1043,1034,1044,1059,1075,1056,1065,1054,1065,1068,1071,1073,1069,1058,1066,1063,1060,1056,1057,1055,1067,1070,1072,1055,1050,1044,1037,1055,1062,1060,1051,1047,1058,1041,1042,1037,1045,1049,1063,1060,1064,1047,1057,1054,1045,1046,1057,1047,1036,1049,1053,1037,1041,1044,1050,1043,1049,1049,1053,1051,1046,1036,1036,1023,997,993,1010,992,995,1007,1003,1003,1005,990,968,978,970,960,955,978,982,970,972,969,962,967,987,977,979,967,970,951,960,959,970,964,966,968,967,952,959,947,947,963,956,961,967,966,950,960,986,986,968,970,990,966,973,969,952,964,971,956,970,973,977,966,974,977,970,967,958,961,978,979,961,959,978,971,964,980,976,976,984,964,969,970,966,975,963,977,975,967,974,973,979,949,954,988,992,983,1003,989,993,991,995,1015,1016,1000,997,986,978,972,1000,1011,1012,1017,1011,976,976,983,979,960,961,984,970,965,981,972,959,957,949,951,963,960,969,957,978,961,956,966,973,969,984,969,980,970,963,968,982,972,979,985,992,972,997,995,985,988,992,984,996,986,988,990,966,980,993,1000,1003,993,976,965,969,994,980,985,994,989,983,1004,996,972,992,987,1000,975,988,994,995,996,988,983,994,994,979,961,951,974,962,945,977,1000,986,960,974,972,994,972,985,969,978,977,987,1001,1006,1015,1002,979,983,995,1015,1019,999,1006,1010,1023,1015,991,995,1015,1032,996,994,993,1009,1003,1003,999,988,1004,1013,997,996,987,997,972,970,972,1002,1002,1012,1000,992,1002,996,982,1017,1014,998,987,967,994,1013,1008,1002,980,981,996,985,990,1016,1009,1009,998,1011,1006,984,998,1006,1005,1004,997,999,994,1003,1015,1018,994,987,1001,1021,1022,1030,999,1003,1013,1023,1015,1000,1005,1013,1000,1017,1024,1038,1018,1028,1032,1021,1043,1024,1002,1018,1024,1002,1008,1017,1031,1047,1004,1020,1040,1032,1010,1023,1033,1071,1043,1023,996,1005,1002,1002,1009,1010,1023,1039,1030,1020,1026,1009,1009,1023,1013,1013,990,1002,1001,996,995,1018,1011,1021,1005,1021,1022,1018,1008,1006,1010,1050,1032,1008,1012,1007,1013,1034,1022,1022,1012,1007,1021,1022,1024,1042,1030,1025,1019,1014,1023,1039,1032,1033,1030,1016,1032,1031,1022,1034,1034,1038,1033,1033,1034,1033,1041,1026,1023,1051,1062,1036,1024,1038,1033,1025,1010,1027,1013,1002,1011,991,1001,1018,1037,1024,1019,1025,1024,1032,1057,1076,1060,
Sample_19,1079,1073,1081,1086,1095,1081,1066,1066,1057,1063,1069,1075,1083,1082,1079,1069,1059,1083,1093,1083,1075,1079,1077,1079,1072,1082,1101,1093,1076,1074,1075,1075,1076,1089,1084,1074,1090,1077,1071,1077,1072,1076,1065,1059,1066,1062,1055,1065,1067,1072,1081,1062,1056,1055,1068,1064,1064,1056,1063,1068,1063,1058,1063,1065,1069,1068,1072,1063,1060,1059,1062,1065,1057,1057,1070,1057,1056,1047,1063,1064,1069,1067,1076,1077,1068,1058,1077,1076,1063,1084,1087,1065,1057,1068,1062,1059,1054,1059,1068,1071,1074,1073,1065,1055,1038,1041,1061,1068,1067,1053,1064,1066,1054,1055,1049,1048,1060,1052,1066,1061,1048,1062,1060,1061,1068,1061,1058,1061,1064,1061,1065,1066,1057,1056,1059,1050,1065,1060,1060,1058,1057,1065,1070,1071,1061,1062,1063,1064,1051,1056,1059,1060,1048,1053,1046,1047,1042,1039,1041,1050,1049,1045,1050,1035,1039,1040,1037,1043,1036,1028,1030,1028,1040,1043,1044,1045,1038,1049,1066,1063,1064,1070,1059,1056,1062,1046,1046,1037,1040,1035,1045,1054,1038,1032,1043,1047,1049,1057,1040,1048,1047,1031,1034,1039,1036,1026,1045,1045,1040,1038,1060,1043,1032,1026,1039,1039,1047,1047,1037,1031,1041,1035,1025,1030,1046,1048,1045,1043,1040,1041,1046,1032,1032,1025,994,979,999,990,985,996,1010,989,995,981,963,971,981,956,958,983,980,973,966,966,952,962,966,966,961,964,957,945,955,959,972,953,958,957,957,941,934,941,932,947,946,955,959,962,942,938,985,980,949,952,968,949,950,972,972,963,955,953,960,967,950,945,964,964,949,938,942,963,976,970,954,957,974,970,960,962,966,981,998,987,968,968,959,964,955,975,971,969,967,964,980,950,945,974,979,976,993,986,1002,1011,1003,998,994,1000,997,995,998,983,989,1007,990,1000,1004,985,984,983,984,963,965,980,968,946,965,974,951,972,962,950,950,949,948,947,979,969,956,964,962,954,963,955,969,966,978,987,985,977,980,976,973,971,986,983,986,989,991,981,994,976,980,983,972,970,967,966,991,978,965,968,967,980,981,983,986,1002,989,986,982,973,979,985,982,973,973,983,991,1000,991,996,999,985,971,955,947,962,977,947,978,986,978,954,972,970,977,967,990,988,979,951,961,991,999,1001,997,983,987,996,1002,1004,1005,1002,1001,1014,1005,990,990,1006,1011,975,989,997,1005,1003,1002,1005,997,1014,1015,982,992,998,983,953,966,977,996,992,1010,999,988,999,1005,987,1040,1017,985,977,983,997,999,1016,998,980,1000,998,998,992,1013,1021,999,995,1010,998,996,1004,1029,1009,994,988,998,998,1013,1022,1001,1001,973,999,1016,1015,1025,1011,990,1011,1019,1015,998,1012,1025,1002,1022,1041,1032,1013,1035,1033,1038,1031,1004,1004,1021,1017,1008,1043,1020,1029,1052,1021,1030,1039,1028,1026,1030,1029,1059,1043,1025,1011,1034,1043,1018,1009,1031,1048,1033,1026,1014,1020,1007,1002,1012,1018,1008,977,1005,1013,1011,1005,1020,1006,1015,1007,1023,1018,1011,999,1003,1009,1056,1024,1001,1016,1028,1009,1010,1028,1031,1035,1024,1013,1014,1008,1026,1013,1020,1016,1026,1029,1042,1029,1044,1044,1026,1029,1047,1037,1034,1027,1045,1042,1035,1041,1028,1032,1033,1014,1022,1058,1050,1036,1043,1035,1027,1022,1035,1028,997,1003,1012,1008,1032,1036,1026,1011,1025,1029,1040,1064,1069,1060,