Sample,400nm,401nm,402nm,403nm,404nm,405nm,406nm,407nm,408nm,409nm,410nm,411nm,412nm,413nm,414nm,415nm,416nm,417nm,418nm,419nm,420nm,421nm,422nm,423nm,424nm,425nm,426nm,427nm,428nm,429nm,430nm,431nm,432nm,433nm,434nm,435nm,436nm,437nm,438nm,439nm,440nm,441nm,442nm,443nm,444nm,445nm,446nm,447nm,448nm,449nm,450nm,451nm,452nm,454nm,455nm,456nm,457nm,458nm,459nm,460nm,461nm,462nm,463nm,464nm,465nm,466nm,467nm,468nm,469nm,470nm,471nm,472nm,473nm,474nm,475nm,476nm,477nm,478nm,479nm,480nm,481nm,482nm,483nm,484nm,485nm,486nm,487nm,488nm,489nm,490nm,491nm,492nm,494nm,495nm,496nm,497nm,498nm,499nm,500nm,501nm,502nm,503nm,504nm,505nm,506nm,507nm,508nm,509nm,510nm,511nm,512nm,513nm,514nm,515nm,516nm,517nm,518nm,519nm,520nm,521nm,523nm,524nm,525nm,526nm,527nm,528nm,529nm,530nm,531nm,532nm,533nm,534nm,535nm,536nm,537nm,538nm,539nm,540nm,541nm,542nm,543nm,544nm,545nm,546nm,548nm,549nm,550nm,551nm,552nm,553nm,554nm,555nm,556nm,557nm,558nm,559nm,560nm,561nm,562nm,563nm,564nm,565nm,566nm,567nm,568nm,569nm,571nm,572nm,573nm,574nm,575nm,576nm,577nm,578nm,579nm,580nm,581nm,582nm,583nm,584nm,585nm,586nm,587nm,588nm,589nm,591nm,592nm,593nm,594nm,595nm,596nm,597nm,598nm,599nm,600nm,601nm,602nm,603nm,604nm,605nm,606nm,607nm,608nm,610nm,611nm,612nm,613nm,614nm,615nm,616nm,617nm,618nm,619nm,620nm,621nm,622nm,623nm,624nm,625nm,626nm,628nm,629nm,630nm,631nm,632nm,633nm,634nm,635nm,636nm,637nm,638nm,639nm,640nm,641nm,642nm,643nm,645nm,646nm,647nm,648nm,649nm,650nm,651nm,652nm,653nm,654nm,655nm,656nm,657nm,658nm,659nm,661nm,662nm,663nm,664nm,665nm,666nm,667nm,668nm,669nm,670nm,671nm,672nm,673nm,674nm,676nm,677nm,678nm,679nm,680nm,681nm,682nm,683nm,684nm,685nm,686nm,687nm,688nm,689nm,691nm,692nm,693nm,694nm,695nm,696nm,697nm,698nm,699nm,700nm,701nm,702nm,703nm,704nm,706nm,707nm,708nm,709nm,710nm,711nm,712nm,713nm,714nm,715nm,716nm,717nm,718nm,720nm,721nm,722nm,723nm,724nm,725nm,726nm,727nm,728nm,729nm,730nm,731nm,733nm,734nm,735nm,736nm,737nm,738nm,739nm,740nm,741nm,742nm,743nm,744nm,746nm,747nm,748nm,749nm,750nm,751nm,752nm,753nm,754nm,755nm,756nm,757nm,759nm,760nm,761nm,762nm,763nm,764nm,765nm,766nm,767nm,768nm,769nm,770nm,772nm,773nm,774nm,775nm,776nm,777nm,778nm,779nm,780nm,781nm,782nm,783nm,785nm,786nm,787nm,788nm,789nm,790nm,791nm,792nm,793nm,794nm,795nm,797nm,798nm,799nm,800nm,801nm,802nm,803nm,804nm,805nm,806nm,807nm,809nm,810nm,811nm,812nm,813nm,814nm,815nm,816nm,817nm,818nm,819nm,821nm,822nm,823nm,824nm,825nm,826nm,827nm,828nm,829nm,830nm,832nm,833nm,834nm,835nm,836nm,837nm,838nm,839nm,840nm,841nm,842nm,844nm,845nm,846nm,847nm,848nm,849nm,850nm,851nm,852nm,853nm,855nm,856nm,857nm,858nm,859nm,860nm,861nm,862nm,863nm,864nm,866nm,867nm,868nm,869nm,870nm,871nm,872nm,873nm,874nm,875nm,877nm,878nm,879nm,880nm,881nm,882nm,883nm,884nm,885nm,886nm,888nm,889nm,890nm,891nm,892nm,893nm,894nm,895nm,896nm,897nm,899nm,900nm,901nm,902nm,903nm,904nm,905nm,906nm,907nm,908nm,910nm,911nm,912nm,913nm,914nm,915nm,916nm,917nm,918nm,920nm,921nm,922nm,923nm,924nm,925nm,926nm,927nm,928nm,929nm,931nm,932nm,933nm,934nm,935nm,936nm,937nm,938nm,939nm,941nm,942nm,943nm,944nm,945nm,946nm,947nm,948nm,949nm,951nm,952nm,953nm,954nm,955nm,956nm,957nm,958nm,959nm,960nm,962nm,963nm,964nm,965nm,966nm,967nm,968nm,969nm,970nm,972nm,973nm,974nm,975nm,976nm,977nm,978nm,979nm,980nm,982nm,983nm,984nm,985nm,986nm,987nm,988nm,989nm,990nm,992nm,993nm,994nm,995nm,996nm,997nm,998nm,999nm,1000nm,1002nm,1003nm,1004nm,1005nm,1006nm,1007nm,1008nm,1009nm,1010nm,1012nm,1013nm,1014nm,1015nm,1016nm,1017nm,1018nm,1019nm,1020nm,1022nm,1023nm,1024nm,1025nm,1026nm,1027nm,1028nm,1029nm,1031nm,1032nm,1033nm,1034nm,1035nm,1036nm,1037nm,1038nm,1039nm,1041nm,1042nm,1043nm,1044nm,1045nm,1046nm,1047nm,1048nm,1049nm,1051nm,1052nm,1053nm,1054nm,1055nm,1056nm,1057nm,1058nm,1060nm,1061nm,1062nm,1063nm,1064nm,1065nm,1066nm,1067nm,1068nm,1070nm,1071nm,1072nm,1073nm,1074nm,1075nm,1076nm,1077nm,1078nm,1080nm,1081nm,1082nm,1083nm,1084nm,1085nm,1086nm,1087nm,1089nm,1090nm,1091nm,1092nm,1093nm,1094nm,1095nm,1096nm,1097nm,1099nm,1100nm,
sad_0,1085,1083,1069,1070,1068,1071,1067,1070,1065,1071,1078,1078,1061,1069,1075,1052,1052,1078,1083,1072,1075,1082,1069,1080,1076,1065,1067,1072,1067,1084,1072,1075,1070,1071,1075,1082,1073,1063,1061,1067,1057,1044,1058,1066,1064,1056,1059,1053,1060,1066,1057,1056,1066,1058,1063,1067,1064,1061,1054,1060,1052,1054,1052,1057,1063,1072,1064,1059,1054,1049,1054,1054,1057,1063,1064,1066,1055,1048,1063,1068,1068,1076,1058,1070,1069,1059,1060,1072,1075,1078,1078,1066,1062,1065,1051,1062,1079,1061,1057,1047,1051,1059,1052,1059,1066,1051,1061,1063,1054,1056,1061,1062,1065,1067,1062,1060,1069,1072,1077,1056,1048,1056,1058,1064,1068,1069,1059,1061,1065,1062,1066,1063,1068,1070,1062,1063,1058,1067,1054,1055,1059,1061,1065,1077,1075,1062,1054,1057,1060,1058,1051,1053,1053,1060,1048,1042,1042,1040,1049,1057,1051,1045,1043,1043,1042,1050,1038,1049,1045,1041,1037,1041,1050,1045,1051,1050,1053,1060,1069,1070,1067,1063,1066,1059,1056,1053,1055,1052,1044,1039,1051,1066,1066,1055,1050,1050,1059,1057,1053,1058,1063,1054,1054,1052,1048,1045,1045,1043,1036,1039,1054,1046,1032,1038,1043,1037,1042,1057,1049,1046,1067,1054,1035,1038,1050,1051,1052,1057,1045,1049,1059,1051,1043,1033,1002,995,999,1008,996,1003,1002,1001,1011,1005,988,979,975,982,952,973,987,978,983,985,972,972,972,964,964,971,975,960,977,985,981,974,984,983,961,945,951,956,954,968,970,970,974,986,957,962,987,981,960,966,982,977,960,983,981,973,971,969,969,978,972,970,975,972,977,959,954,966,974,974,967,967,976,974,968,982,985,983,994,984,979,972,968,973,963,974,971,977,968,972,999,958,957,992,994,1000,994,992,991,998,1009,1012,1003,1009,1002,993,992,990,995,1004,1013,1006,1019,1002,987,988,993,985,960,976,973,956,976,991,973,963,961,967,964,970,971,966,975,982,982,970,966,971,984,988,977,971,987,989,983,988,985,985,966,970,995,995,988,998,994,1002,1011,993,983,998,1002,985,984,986,994,977,985,989,985,1000,989,988,988,1006,997,993,985,970,978,993,998,990,991,987,989,983,988,1001,1002,992,981,970,979,980,982,981,1000,1001,991,974,979,984,997,998,998,987,989,986,970,986,1003,1012,1015,1002,995,993,1008,1013,1017,1013,1018,1026,1007,995,1005,1008,1013,989,991,1008,1012,998,994,1000,1003,1011,1007,1011,1012,992,990,974,971,993,997,1006,1021,1008,987,1012,1014,1001,1017,1023,1000,982,986,995,1003,1010,1004,992,1001,1006,988,988,1005,1011,1001,1012,1027,1013,1015,1014,1019,1017,998,993,989,999,1007,1028,1008,1009,999,1005,1016,1027,1038,1016,991,1011,1022,1016,1015,1014,1008,1007,1021,1015,1014,1010,1024,1030,1022,1038,1026,1005,1016,1032,1016,1022,1029,1032,1042,1019,1024,1023,1029,1025,1036,1046,1065,1037,1022,1006,1007,1028,1033,1034,1030,1031,1027,1040,1027,1021,1001,1015,1019,1025,1015,1003,1029,1030,1011,1000,1015,1020,1027,1017,1021,1019,1014,1017,1019,1013,1050,1036,1014,1021,1017,1018,1034,1043,1040,1035,1022,1017,1025,1023,1038,1026,1035,1034,1044,1044,1054,1038,1049,1039,1024,1020,1032,1043,1040,1038,1050,1046,1036,1048,1037,1050,1030,1015,1041,1060,1043,1032,1038,1048,1027,1015,1025,1027,1018,1014,1007,1008,1022,1028,1027,1021,1029,1030,1024,1050,1070,1062,
sad_1,1081,1080,1089,1087,1084,1074,1071,1062,1044,1055,1071,1074,1077,1068,1085,1075,1075,1085,1081,1069,1080,1080,1072,1086,1084,1078,1090,1080,1059,1076,1081,1075,1068,1078,1092,1076,1080,1089,1078,1073,1065,1062,1063,1081,1072,1070,1070,1069,1073,1079,1076,1068,1059,1054,1069,1072,1066,1065,1056,1070,1059,1054,1059,1072,1066,1072,1078,1087,1068,1063,1070,1070,1062,1056,1050,1055,1056,1059,1072,1073,1079,1078,1069,1071,1067,1068,1080,1074,1077,1077,1075,1072,1057,1057,1061,1059,1065,1063,1061,1058,1063,1065,1051,1063,1061,1059,1072,1065,1060,1075,1072,1064,1057,1058,1054,1053,1069,1060,1064,1050,1055,1062,1074,1076,1064,1064,1064,1071,1058,1060,1075,1079,1074,1062,1062,1077,1065,1066,1063,1061,1072,1064,1056,1068,1065,1067,1067,1071,1063,1060,1063,1069,1056,1071,1052,1057,1058,1033,1035,1047,1052,1060,1058,1060,1052,1045,1044,1048,1039,1044,1038,1047,1053,1059,1062,1046,1053,1071,1069,1058,1064,1067,1054,1056,1049,1052,1048,1051,1062,1046,1046,1056,1047,1042,1044,1054,1059,1065,1063,1066,1062,1060,1052,1048,1057,1049,1053,1057,1050,1058,1059,1060,1058,1049,1034,1044,1048,1059,1051,1040,1053,1050,1037,1046,1056,1051,1065,1056,1052,1055,1048,1034,1030,1026,1001,1008,996,1003,999,1003,1014,1015,1013,998,978,974,980,979,970,977,974,974,980,979,972,971,981,982,983,980,980,964,976,974,971,973,976,973,971,964,959,961,962,979,965,959,964,978,970,979,996,988,970,969,974,975,987,983,978,975,975,973,973,985,975,964,988,1003,974,959,975,982,972,968,974,979,993,985,969,978,971,980,988,988,986,982,970,967,961,987,989,984,970,973,994,967,953,1000,993,989,998,1001,1004,1010,1005,996,989,1002,1007,996,992,988,1005,1019,1014,1008,1022,1010,988,983,978,979,974,982,986,972,993,987,967,965,971,979,972,976,978,966,985,985,976,970,974,982,995,987,987,977,977,979,983,978,992,1006,990,982,997,996,995,1001,1003,1000,1007,999,1003,995,975,982,988,987,993,973,973,981,980,996,993,993,989,1011,1006,998,989,979,1003,1004,994,986,986,990,988,988,981,995,1007,1004,984,978,965,982,973,960,991,999,1000,984,997,990,985,989,996,997,994,975,972,996,1002,1017,1013,998,1001,1012,1028,1019,1006,1010,1019,1037,1020,1006,1015,1021,1025,1006,1013,1018,1021,1019,1009,1013,1006,1016,1014,1002,1005,1013,996,972,976,987,1000,1003,1018,1007,990,1009,1009,994,1007,1015,1004,995,995,1000,1002,1009,998,991,1005,1005,997,1004,1016,1021,1004,1004,1030,1018,1024,1023,1035,1034,1006,1001,1000,1007,999,1024,1020,1019,993,1013,1024,1029,1033,1015,997,1011,1031,1023,1011,1023,1018,1011,1025,1045,1055,1031,1038,1035,1040,1044,1007,1005,1032,1044,1036,1056,1058,1039,1045,1027,1035,1029,1033,1019,1035,1045,1049,1032,1030,1017,1029,1023,1020,1013,1029,1035,1033,1037,1035,1026,1018,1022,1020,1020,1015,1014,1026,1013,1003,1003,1023,1016,1015,1012,1022,1024,1015,1021,1019,1015,1037,1018,1006,1026,1024,1025,1027,1035,1046,1034,1022,1030,1020,1022,1040,1010,1021,1033,1040,1044,1053,1047,1052,1060,1037,1039,1041,1037,1043,1038,1050,1054,1044,1053,1059,1050,1032,1036,1043,1056,1048,1038,1038,1039,1024,1013,1031,1046,1014,1011,1004,1008,1022,1049,1031,1008,1028,1040,1046,1067,1071,1049,
sad_2,1086,1084,1073,1078,1082,1079,1060,1075,1064,1066,1064,1071,1071,1080,1083,1075,1065,1075,1080,1089,1088,1087,1081,1078,1084,1083,1079,1083,1073,1091,1076,1073,1082,1086,1075,1078,1082,1076,1066,1075,1062,1062,1068,1069,1077,1068,1069,1073,1065,1088,1078,1061,1063,1058,1061,1061,1068,1072,1073,1064,1062,1075,1072,1058,1064,1073,1064,1076,1072,1055,1054,1055,1059,1069,1069,1070,1052,1043,1058,1061,1073,1078,1070,1069,1064,1075,1072,1070,1070,1080,1079,1081,1080,1079,1061,1066,1071,1062,1061,1070,1069,1072,1065,1058,1058,1062,1072,1079,1065,1075,1067,1062,1062,1055,1055,1076,1081,1067,1074,1066,1059,1061,1073,1073,1073,1072,1055,1059,1078,1074,1065,1068,1072,1085,1074,1071,1071,1075,1065,1066,1082,1082,1071,1066,1063,1068,1063,1071,1072,1071,1067,1066,1052,1061,1059,1049,1062,1055,1055,1058,1056,1059,1051,1055,1049,1051,1046,1055,1057,1055,1043,1047,1052,1060,1061,1057,1055,1063,1070,1061,1068,1068,1056,1070,1075,1064,1057,1059,1050,1052,1062,1069,1053,1048,1039,1050,1053,1065,1068,1053,1051,1053,1059,1043,1041,1052,1077,1067,1051,1052,1056,1055,1049,1048,1056,1050,1046,1053,1044,1047,1061,1053,1040,1042,1053,1059,1052,1038,1040,1049,1051,1047,1036,1034,1001,1002,1006,997,1004,1005,1015,1005,1001,981,966,984,980,978,973,992,992,988,979,979,971,975,979,987,985,986,985,969,985,982,987,978,971,981,965,955,949,949,954,972,969,975,968,985,979,972,990,989,971,963,983,978,975,983,968,973,977,980,970,981,977,967,979,996,987,965,954,971,981,975,971,970,981,987,977,986,972,979,994,978,999,1002,984,974,971,990,981,986,980,985,1001,968,963,1005,1008,999,1011,1012,1010,1012,1002,998,1003,1011,1007,999,998,993,1013,1018,1018,1019,1001,992,980,986,978,974,972,994,991,956,968,971,969,967,958,967,966,972,972,968,992,981,985,986,983,981,992,997,987,985,989,988,974,975,987,996,998,992,1009,997,992,1001,1012,995,990,1010,1013,1003,992,989,984,987,985,965,969,998,1002,1017,1000,989,984,998,994,994,1002,996,993,992,984,976,985,989,1003,990,973,996,1000,1010,993,978,975,977,971,974,999,1009,1001,981,986,988,990,985,997,990,996,986,984,999,1016,1017,1007,1008,1005,1001,1021,1024,1023,1028,1015,1026,1028,1011,1011,1009,1013,997,1008,1016,1015,1007,1016,1022,1014,1018,1026,1013,1012,1007,990,976,978,996,1003,1009,1011,999,1002,1023,1015,1001,1029,1028,1014,1001,995,1000,1019,1030,1014,991,1003,1010,1001,1009,1018,1028,1018,1004,1015,1004,1016,1032,1029,1020,1010,1003,997,1011,1022,1030,1024,1014,1000,1012,1032,1031,1028,1016,1000,1030,1045,1031,1015,1018,1008,1008,1023,1032,1046,1036,1044,1036,1024,1027,1006,1005,1015,1028,1027,1037,1037,1048,1054,1023,1028,1033,1029,1015,1022,1037,1054,1039,1030,1016,1027,1021,1025,1030,1030,1041,1046,1047,1040,1027,1014,1016,1017,1027,1027,1007,1021,1022,1012,1013,1028,1033,1023,1020,1022,1029,1030,1024,1020,1018,1047,1029,1025,1030,1028,1031,1026,1029,1043,1033,1024,1041,1025,1029,1047,1028,1039,1034,1030,1045,1046,1040,1042,1041,1034,1049,1047,1032,1045,1043,1045,1041,1050,1059,1049,1050,1040,1033,1042,1057,1053,1036,1049,1042,1009,1008,1027,1038,1019,1019,1030,1025,1019,1030,1017,1008,1021,1032,1033,1057,1069,1060,
sad_3,1081,1078,1066,1069,1073,1074,1077,1075,1060,1062,1071,1064,1065,1071,1091,1074,1062,1082,1073,1068,1082,1085,1078,1084,1087,1084,1094,1083,1069,1077,1071,1071,1084,1091,1088,1070,1075,1061,1076,1086,1067,1063,1072,1066,1065,1072,1071,1073,1065,1070,1071,1066,1057,1065,1076,1083,1076,1065,1070,1081,1067,1055,1053,1065,1066,1078,1081,1077,1078,1067,1064,1065,1057,1062,1058,1058,1056,1059,1059,1055,1077,1088,1081,1073,1071,1067,1083,1080,1072,1077,1083,1077,1059,1053,1055,1062,1065,1077,1076,1068,1076,1072,1059,1062,1054,1062,1069,1064,1063,1068,1067,1066,1057,1056,1061,1065,1066,1067,1066,1056,1062,1070,1064,1062,1072,1069,1064,1063,1060,1067,1068,1063,1075,1075,1076,1073,1070,1069,1066,1069,1080,1080,1071,1070,1061,1064,1072,1072,1061,1054,1065,1069,1051,1058,1048,1058,1050,1056,1063,1053,1050,1054,1053,1043,1042,1047,1041,1056,1064,1055,1050,1056,1056,1058,1056,1057,1057,1064,1075,1061,1060,1073,1073,1068,1058,1061,1058,1055,1061,1060,1060,1071,1055,1054,1048,1045,1058,1071,1056,1060,1052,1044,1052,1045,1044,1039,1045,1066,1066,1051,1054,1046,1048,1048,1056,1059,1058,1060,1039,1046,1056,1050,1044,1052,1051,1049,1046,1050,1046,1060,1050,1028,1028,1030,1001,986,995,994,997,1006,1028,1022,1009,990,974,984,977,971,967,988,1002,976,965,984,974,976,985,978,970,977,981,969,976,988,990,969,976,980,970,976,967,956,948,969,972,982,972,981,967,967,999,999,975,977,978,969,971,979,982,990,977,968,981,996,976,961,976,990,976,960,959,979,977,970,961,968,986,987,971,971,983,1000,1009,988,989,979,973,980,969,985,990,992,986,978,990,962,956,1002,1002,992,998,1009,1007,1010,1007,999,998,1012,1017,1001,999,1004,1001,1016,1016,1005,1009,1002,1002,998,983,982,978,995,979,969,1000,985,963,959,966,973,974,970,983,965,989,984,971,980,988,990,998,990,984,976,983,975,982,989,989,988,985,985,1002,1003,996,991,994,999,1005,992,1004,1007,994,993,992,990,992,978,977,994,988,992,985,998,998,1007,1002,1001,988,979,986,1003,1003,993,997,986,990,987,985,997,1007,1000,986,967,973,981,987,973,1002,1010,1001,992,1010,1008,1001,987,1012,1000,1003,992,989,1011,1009,1011,1019,1011,1010,1002,1007,1011,1012,1014,1006,1036,1025,1000,1007,1009,1020,1011,1014,1025,1029,1017,1011,1004,1001,1012,1016,1011,1003,994,999,974,976,989,1006,1014,1022,1011,1000,1017,1013,996,1016,1014,999,989,994,1004,1009,1032,1016,987,997,1008,995,997,1005,1023,1016,1011,1023,1024,1029,1018,1005,1017,1007,1004,996,1018,1021,1020,1018,1006,981,1002,1021,1025,1028,1022,1003,1016,1020,1015,1015,1015,1022,1013,1011,1024,1037,1013,1025,1042,1039,1044,1030,1012,1031,1033,1009,1018,1022,1044,1043,1009,1025,1045,1038,1017,1029,1048,1064,1045,1033,1000,1011,1017,1022,1025,1038,1055,1043,1049,1049,1042,1013,1015,1021,1024,1019,1011,1024,1016,1005,995,1016,1026,1032,1012,1022,1028,1030,1023,1020,1034,1055,1033,1020,1031,1031,1018,1031,1035,1041,1038,1023,1015,1019,1029,1051,1031,1039,1037,1037,1050,1047,1040,1046,1046,1042,1031,1040,1038,1045,1041,1047,1049,1050,1056,1054,1049,1034,1030,1045,1057,1049,1040,1038,1044,1033,1027,1025,1026,1016,1018,1015,1018,1032,1048,1031,1015,1020,1050,1045,1061,1075,1061,
sad_4,1103,1098,1082,1088,1104,1084,1072,1089,1080,1088,1083,1080,1088,1085,1094,1079,1073,1088,1094,1088,1091,1090,1088,1090,1097,1084,1092,1091,1085,1089,1080,1083,1077,1084,1089,1095,1092,1097,1091,1095,1080,1078,1080,1071,1072,1082,1096,1095,1081,1077,1092,1075,1068,1072,1089,1101,1109,1093,1069,1085,1079,1079,1065,1078,1082,1085,1081,1083,1075,1089,1093,1088,1091,1082,1083,1082,1079,1073,1076,1085,1081,1092,1080,1081,1083,1086,1088,1087,1085,1077,1090,1082,1075,1076,1079,1086,1082,1076,1093,1089,1095,1088,1069,1066,1074,1069,1070,1061,1083,1081,1080,1087,1067,1086,1069,1070,1084,1079,1077,1073,1064,1079,1087,1092,1092,1083,1077,1062,1059,1075,1094,1091,1083,1087,1080,1079,1076,1097,1089,1078,1074,1094,1084,1086,1073,1072,1073,1088,1075,1060,1072,1073,1061,1066,1071,1067,1055,1057,1060,1058,1060,1054,1054,1071,1066,1062,1050,1058,1056,1062,1070,1067,1071,1070,1078,1055,1069,1074,1067,1076,1094,1081,1077,1071,1064,1063,1066,1072,1066,1071,1070,1081,1065,1055,1058,1064,1070,1078,1058,1074,1074,1065,1078,1060,1067,1066,1073,1066,1058,1058,1058,1052,1059,1060,1059,1071,1075,1080,1066,1052,1068,1068,1049,1049,1063,1068,1071,1059,1064,1072,1075,1059,1041,1023,1003,1005,1012,1019,1013,1024,1019,1013,1019,1006,980,988,986,992,988,1004,995,987,992,993,984,999,1001,1007,997,984,1000,984,985,1004,1002,982,985,980,977,978,981,974,969,980,977,969,975,999,976,971,995,995,974,975,994,988,979,1000,991,1004,995,966,979,1003,995,984,994,1000,983,966,987,998,1000,995,986,984,997,995,987,1003,994,992,998,1005,1002,996,994,987,987,1008,1002,1000,1003,997,1005,970,972,1003,1000,1004,1017,1022,1028,1018,1012,1016,1021,1034,1024,1018,1006,1007,1013,1023,1024,1028,1029,1013,1014,1009,1005,987,980,1007,1010,1002,998,993,989,977,972,992,983,993,993,982,997,1001,991,987,987,977,1001,994,994,989,1007,1003,1000,1001,1009,1011,994,988,1005,994,989,1019,1022,1019,1015,1008,1003,994,991,994,998,1002,1007,991,994,990,992,1007,1003,1011,1006,1003,1001,1003,1010,1012,1015,1015,1002,1002,1006,1009,1010,1005,1004,1015,1006,1017,1000,985,990,989,979,973,1012,1017,1008,989,984,987,1005,998,993,987,998,988,983,1015,1027,1025,1035,1020,1000,1015,1030,1028,1022,1027,1027,1037,1022,1009,1017,1019,1030,1015,1014,1016,1023,1025,1030,1040,1023,1021,1018,1014,1024,1010,999,986,997,993,1008,1010,1029,1021,1009,1032,1025,1010,1030,1023,1016,1009,997,1004,1017,1039,1018,985,1002,1015,1018,1026,1037,1031,1021,1011,1032,1025,1015,1019,1040,1038,1020,1026,1018,1017,1025,1031,1011,1014,1004,1014,1015,1028,1044,1037,1019,1028,1038,1032,1037,1042,1035,1016,1034,1050,1052,1032,1055,1055,1038,1042,1030,1019,1022,1036,1021,1035,1033,1057,1064,1038,1042,1043,1044,1050,1052,1048,1074,1058,1050,1029,1032,1035,1042,1047,1041,1057,1053,1055,1047,1041,1013,1020,1032,1037,1031,1006,1013,1014,1019,1032,1038,1029,1035,1017,1045,1040,1034,1040,1037,1026,1060,1043,1017,1039,1047,1043,1048,1042,1052,1044,1034,1033,1029,1027,1049,1037,1039,1052,1050,1064,1073,1073,1069,1062,1042,1051,1053,1045,1061,1051,1051,1064,1067,1062,1055,1063,1057,1033,1051,1069,1055,1043,1036,1043,1027,1037,1043,1049,1029,1033,1015,1022,1036,1051,1046,1037,1046,1046,1052,1077,1090,1059,
sad_5,1085,1077,1075,1081,1080,1070,1077,1086,1079,1068,1062,1066,1068,1075,1077,1070,1072,1081,1080,1093,1086,1088,1092,1088,1076,1075,1083,1093,1082,1091,1078,1081,1086,1085,1087,1078,1071,1061,1067,1078,1070,1076,1076,1067,1078,1078,1070,1079,1076,1076,1075,1083,1080,1078,1070,1077,1096,1094,1096,1104,1099,1102,1100,1099,1111,1104,1105,1104,1100,1100,1088,1080,1095,1111,1092,1080,1075,1083,1083,1090,1096,1105,1086,1095,1094,1092,1101,1085,1069,1092,1098,1096,1087,1077,1078,1089,1085,1074,1069,1063,1066,1079,1059,1067,1064,1075,1073,1069,1060,1070,1073,1069,1063,1056,1063,1075,1092,1080,1074,1069,1073,1072,1065,1065,1072,1072,1069,1071,1062,1061,1058,1061,1067,1071,1070,1062,1064,1075,1065,1070,1075,1074,1080,1069,1072,1070,1056,1065,1058,1058,1062,1061,1053,1052,1051,1049,1042,1040,1050,1055,1053,1043,1063,1051,1054,1064,1053,1062,1071,1054,1047,1057,1062,1076,1064,1048,1047,1064,1072,1062,1062,1081,1070,1066,1070,1070,1068,1052,1041,1040,1052,1076,1064,1057,1060,1054,1050,1067,1058,1055,1056,1051,1059,1057,1051,1050,1056,1066,1051,1052,1075,1072,1053,1046,1051,1059,1052,1058,1038,1039,1044,1054,1044,1044,1060,1059,1039,1045,1050,1053,1044,1040,1030,1030,998,996,1012,1016,1007,1000,1009,1000,997,994,987,982,983,980,975,989,997,985,982,978,965,991,1002,987,980,992,996,977,982,983,992,984,972,965,965,971,961,958,965,972,965,967,973,978,960,967,992,988,964,967,986,990,981,983,973,971,981,977,986,994,985,982,982,988,981,964,964,980,985,974,959,969,990,987,972,977,981,989,987,981,996,986,980,982,965,983,981,980,975,985,1005,964,973,1011,1006,999,1003,1013,1021,1010,1004,1002,1009,1016,1006,994,1000,1003,1006,1015,996,996,1008,1005,994,993,993,984,977,993,985,969,986,998,987,973,963,965,952,959,978,975,1009,1002,981,983,982,980,982,976,986,982,988,991,981,984,993,1002,995,989,1001,996,986,990,1007,1006,1012,1009,1004,998,996,994,995,997,993,986,990,986,983,1000,994,1006,1004,1002,984,999,1000,985,989,994,1000,996,996,991,993,994,993,990,997,1009,995,987,984,997,966,957,985,997,998,981,990,993,1004,995,991,977,1005,988,985,1001,1018,1014,1014,1005,1007,1016,1022,1033,1023,1011,1008,1023,1014,1012,1017,1017,1030,1005,1001,1003,1009,1001,1001,1008,1014,1009,1019,1012,1009,1011,1010,981,974,983,1004,1004,1012,1012,1004,1020,1006,985,1018,1016,995,996,1000,1007,1008,1015,1002,988,1003,1005,995,1000,1009,1010,1005,1003,1013,1021,1021,1020,1032,1033,1009,1005,1003,1016,1013,1029,1021,1006,988,1005,1011,1010,1033,1032,1010,1016,1033,1029,1022,1017,1020,1027,1024,1035,1038,1026,1049,1053,1030,1044,1011,1000,1018,1026,1018,1040,1019,1037,1062,1033,1038,1046,1040,1030,1027,1028,1048,1047,1038,1017,1026,1028,1037,1026,1026,1052,1046,1035,1031,1030,1017,1016,1019,1027,1022,1000,1010,1022,1022,1010,1028,1038,1024,1016,1025,1043,1035,1026,1021,1014,1039,1024,1015,1033,1028,1016,1024,1027,1037,1025,1023,1033,1025,1015,1040,1029,1034,1034,1032,1032,1053,1055,1059,1046,1026,1020,1035,1034,1036,1043,1056,1046,1056,1064,1042,1042,1039,1032,1048,1064,1044,1029,1050,1041,1017,1012,1019,1035,1015,1010,1012,1013,1021,1041,1026,1017,1023,1028,1036,1052,1053,1054,
sad_6,1095,1075,1066,1079,1086,1072,1069,1081,1064,1070,1081,1082,1079,1081,1089,1072,1067,1078,1080,1079,1079,1083,1087,1090,1090,1076,1087,1101,1075,1079,1094,1091,1083,1082,1090,1091,1083,1075,1073,1079,1080,1071,1069,1082,1081,1078,1086,1091,1089,1088,1089,1088,1087,1101,1116,1103,1119,1116,1098,1113,1110,1110,1111,1111,1118,1130,1127,1130,1120,1128,1109,1105,1114,1121,1113,1103,1090,1091,1109,1098,1093,1100,1089,1101,1098,1094,1085,1088,1085,1089,1090,1100,1085,1084,1075,1084,1090,1088,1072,1066,1078,1083,1072,1078,1073,1072,1073,1072,1083,1087,1083,1072,1062,1068,1074,1069,1077,1074,1064,1056,1061,1077,1089,1074,1073,1074,1067,1070,1060,1065,1075,1076,1080,1072,1074,1067,1074,1079,1076,1070,1069,1074,1076,1078,1071,1065,1053,1067,1067,1071,1064,1066,1071,1075,1057,1066,1068,1054,1059,1048,1042,1050,1053,1060,1069,1056,1049,1053,1062,1054,1053,1053,1059,1068,1080,1057,1059,1070,1068,1062,1069,1075,1057,1060,1069,1073,1068,1054,1044,1047,1049,1065,1066,1051,1053,1054,1071,1077,1058,1065,1059,1048,1057,1050,1054,1058,1065,1070,1055,1044,1059,1064,1059,1055,1054,1056,1054,1058,1046,1050,1060,1062,1048,1051,1053,1056,1058,1051,1043,1046,1048,1038,1040,1029,1004,999,1011,1006,1010,1020,1022,1008,1009,997,986,998,990,999,982,994,991,991,976,967,972,990,992,984,981,987,985,972,971,988,1002,987,976,978,973,974,965,977,966,983,985,978,979,996,978,983,1010,1008,979,983,986,962,976,985,979,991,993,979,989,996,986,977,979,989,986,980,961,970,988,990,980,982,1005,1001,984,988,996,1000,1013,1002,997,983,981,985,978,1005,999,993,992,991,1006,970,973,1016,1003,997,1009,1017,1017,1017,1013,1004,1016,1016,1012,1008,996,987,1008,1020,1023,1021,1020,1008,1007,1009,992,989,987,1000,992,984,988,986,971,969,969,985,974,979,990,979,1001,989,981,987,990,982,996,989,983,974,989,1012,1002,989,990,1006,998,987,1005,999,1004,1022,1014,1000,1004,996,1002,998,989,995,1002,1001,998,971,983,988,989,1019,1013,1008,1008,1020,1011,1010,998,995,999,1022,1013,997,1008,1001,1010,1001,997,1004,1006,1007,995,981,982,999,992,975,1007,1018,998,987,1006,995,998,992,1004,1005,1011,992,990,1015,1030,1034,1028,994,1008,1019,1028,1027,1018,1020,1018,1044,1033,1014,1018,1037,1031,1014,1020,1013,1021,1019,1020,1018,1013,1014,1025,1014,1016,1014,1006,978,972,988,1016,1021,1032,1037,1009,1018,1018,999,1017,1014,1006,996,1001,1006,1010,1017,1014,990,1008,1029,1004,1005,1017,1026,1018,1012,1016,1013,1019,1031,1034,1025,1014,1009,999,1018,1011,1025,1021,1017,998,1011,1035,1041,1037,1028,1021,1027,1029,1022,1020,1017,1020,1022,1034,1041,1040,1027,1041,1047,1040,1050,1032,1026,1035,1049,1033,1044,1050,1057,1045,1016,1023,1026,1039,1035,1039,1044,1072,1051,1017,1004,1035,1034,1032,1027,1040,1051,1052,1049,1034,1023,1008,1008,1021,1033,1035,1004,1025,1023,1016,1022,1036,1030,1028,1030,1037,1038,1032,1022,1019,1031,1056,1034,1016,1029,1032,1036,1044,1046,1047,1046,1030,1030,1040,1034,1049,1036,1053,1042,1045,1054,1055,1054,1047,1041,1034,1035,1037,1040,1052,1047,1053,1046,1045,1058,1053,1062,1050,1043,1043,1052,1052,1036,1041,1048,1032,1015,1021,1030,1019,1015,1006,1017,1032,1043,1037,1016,1035,1062,1051,1063,1072,1063,
sad_7,1068,1069,1061,1074,1076,1069,1073,1076,1056,1058,1063,1067,1076,1075,1082,1080,1073,1070,1074,1072,1066,1076,1091,1080,1076,1067,1069,1078,1069,1067,1066,1073,1072,1073,1067,1069,1081,1070,1067,1068,1065,1072,1064,1064,1083,1075,1071,1071,1062,1073,1077,1071,1067,1069,1079,1071,1071,1081,1075,1082,1076,1066,1075,1087,1084,1084,1086,1080,1077,1071,1089,1087,1078,1073,1061,1064,1063,1066,1069,1069,1078,1085,1079,1094,1081,1067,1071,1073,1067,1073,1082,1066,1058,1062,1055,1067,1068,1058,1062,1056,1047,1067,1062,1056,1057,1059,1051,1059,1055,1060,1059,1064,1054,1054,1060,1064,1076,1063,1058,1049,1056,1061,1055,1069,1068,1066,1057,1074,1060,1061,1072,1071,1075,1065,1068,1070,1052,1056,1054,1061,1071,1070,1068,1062,1066,1059,1045,1058,1044,1043,1052,1060,1050,1066,1064,1059,1056,1051,1057,1056,1047,1048,1049,1050,1044,1043,1036,1043,1055,1048,1039,1044,1048,1048,1049,1050,1039,1052,1060,1055,1056,1054,1061,1054,1056,1053,1056,1052,1041,1047,1057,1062,1064,1052,1042,1042,1057,1066,1047,1061,1065,1051,1049,1043,1047,1042,1053,1051,1050,1047,1057,1052,1037,1031,1042,1050,1058,1046,1043,1039,1045,1033,1029,1028,1044,1056,1052,1046,1040,1038,1035,1043,1033,1015,996,998,1015,1008,992,1008,1014,989,993,992,976,979,968,965,959,986,987,981,969,978,972,961,979,985,983,983,969,951,974,977,989,972,973,974,961,968,960,951,961,974,964,969,957,970,964,974,987,992,960,965,980,966,969,981,969,980,976,973,987,988,967,950,963,990,974,973,976,979,981,975,959,973,993,988,976,989,980,978,990,987,977,976,978,972,971,982,982,979,981,987,1003,969,972,1001,991,989,995,1008,1013,1010,1010,1017,1007,999,998,999,990,989,1009,1014,1006,1006,1003,996,1000,995,985,966,974,986,976,966,978,975,966,955,954,968,965,963,974,968,991,986,964,974,977,969,983,982,985,978,984,991,997,990,981,986,977,983,1009,1006,998,1007,995,994,999,991,982,990,990,986,977,975,990,975,988,988,978,997,990,986,997,1004,988,995,983,982,986,999,1004,992,1002,1002,1002,995,991,991,988,991,970,964,962,977,971,959,1001,1014,1000,975,993,983,985,982,993,994,998,985,984,1003,1023,1016,1006,994,993,998,1011,1009,1008,1014,1008,1024,1016,1003,1014,1011,1012,992,1002,1015,1033,1020,1005,1008,1007,1008,1003,995,1006,1004,989,965,975,981,1001,1008,1022,1021,1004,1013,1014,995,1012,1005,985,976,986,1006,1005,1012,1006,990,993,996,994,990,1007,1022,1006,1005,1011,999,1022,1031,1021,1015,1002,1000,1000,1003,1008,1024,1007,1000,980,1004,1021,1023,1032,1020,997,1019,1031,1021,1002,1009,1015,1016,1025,1035,1026,1016,1039,1035,1020,1046,1029,1014,1032,1035,1013,1021,1034,1047,1052,1022,1023,1023,1020,1013,1028,1039,1045,1025,1016,1003,1013,1015,1022,1022,1039,1038,1036,1042,1040,1022,995,1000,1021,1023,1022,1001,999,1005,995,999,1021,1024,1016,1014,1016,1029,1034,1009,1006,1010,1044,1019,1000,1016,1018,1007,1013,1036,1045,1039,1021,1025,1023,1023,1028,1016,1022,1030,1026,1034,1040,1035,1049,1041,1042,1021,1021,1022,1034,1018,1038,1044,1043,1051,1054,1045,1025,1026,1030,1048,1035,1018,1025,1033,1020,1002,1014,1025,1020,1020,1012,1003,1007,1020,1024,1008,1024,1016,1017,1066,1071,1053,
sad_8,1093,1073,1072,1076,1087,1079,1068,1070,1061,1067,1071,1070,1079,1069,1070,1062,1066,1082,1087,1083,1085,1086,1077,1078,1081,1070,1071,1083,1067,1073,1080,1087,1077,1081,1077,1064,1079,1079,1064,1069,1076,1068,1074,1075,1072,1068,1066,1068,1070,1076,1069,1067,1059,1054,1062,1067,1068,1070,1053,1058,1063,1068,1058,1063,1080,1078,1059,1066,1067,1060,1059,1061,1061,1064,1061,1061,1055,1051,1071,1077,1084,1090,1069,1070,1080,1076,1074,1077,1072,1087,1084,1073,1060,1059,1063,1069,1082,1076,1067,1068,1067,1060,1059,1060,1056,1054,1065,1070,1061,1068,1074,1069,1051,1055,1051,1064,1072,1067,1066,1058,1052,1064,1068,1074,1066,1055,1065,1080,1071,1066,1069,1067,1072,1073,1060,1070,1075,1080,1066,1066,1068,1064,1063,1067,1062,1061,1054,1054,1061,1062,1061,1059,1052,1060,1048,1048,1044,1039,1049,1057,1053,1054,1046,1056,1055,1043,1040,1050,1045,1053,1057,1054,1057,1064,1069,1067,1066,1073,1077,1073,1060,1054,1061,1055,1066,1060,1042,1049,1059,1054,1060,1068,1056,1053,1053,1063,1053,1054,1061,1061,1060,1057,1064,1052,1058,1054,1055,1062,1054,1046,1063,1055,1050,1049,1045,1048,1048,1044,1043,1052,1062,1059,1048,1051,1057,1059,1055,1044,1043,1051,1056,1049,1042,1031,1012,999,1006,1009,1009,1008,1014,1006,1007,988,969,969,974,968,962,987,989,986,982,972,974,974,987,1001,990,978,978,968,974,969,981,974,972,979,977,952,948,961,955,962,960,974,978,967,955,975,995,983,970,962,971,970,986,994,977,977,973,967,976,974,971,967,979,992,972,963,961,985,993,982,969,969,987,995,984,986,989,986,998,984,984,986,977,976,957,974,975,981,983,997,1002,956,954,994,995,993,990,1011,1019,1019,1021,1012,1000,1013,1003,993,995,977,984,999,1006,1010,1008,1005,995,992,985,990,985,996,983,958,990,991,974,961,955,966,964,965,980,974,999,994,970,970,979,975,978,982,986,987,985,981,977,988,981,994,989,988,1005,997,994,1000,997,987,1000,1001,1009,990,983,991,996,993,995,976,974,983,968,995,986,995,984,990,988,1000,992,982,992,983,986,985,994,990,1002,998,981,993,1019,1000,985,981,980,979,967,964,1001,1006,994,985,998,987,993,993,1000,995,1000,977,973,1008,1012,1012,1022,1004,995,1009,1018,1014,1008,1020,1013,1007,1006,999,1009,1016,1012,992,994,998,1002,1010,1004,1007,1005,1009,1004,997,1005,1014,1006,984,968,972,988,1003,1011,998,999,1017,1015,989,1008,1004,997,987,991,1001,1012,1014,997,981,993,1006,999,1007,1015,1020,1010,1003,1014,1011,1006,1009,1023,1018,996,1002,988,990,1010,1040,1033,1014,998,1008,1024,1027,1017,1015,1003,1014,1017,1030,1018,1020,1013,1014,1021,1018,1030,1007,1018,1032,1031,1045,1025,1002,1015,1020,1016,1037,1035,1045,1045,1031,1036,1027,1034,1034,1031,1038,1061,1049,1035,1018,1030,1028,1020,1011,1023,1044,1045,1041,1027,1028,1010,1014,1015,1021,1026,1013,1026,1017,1003,1006,1012,1011,1033,1020,1032,1034,1026,1003,1014,1022,1052,1034,1020,1030,1023,1026,1033,1035,1034,1026,1016,1027,1033,1024,1042,1042,1032,1024,1033,1039,1063,1043,1039,1044,1024,1036,1033,1025,1039,1037,1045,1051,1040,1056,1049,1053,1043,1026,1039,1054,1041,1040,1044,1033,1027,1027,1032,1027,1001,1007,1011,1013,1020,1027,1022,1014,1028,1026,1035,1075,1068,1041,
sad_9,1093,1083,1070,1076,1079,1065,1071,1069,1055,1069,1063,1071,1084,1076,1080,1071,1062,1077,1087,1079,1087,1078,1083,1091,1088,1093,1089,1083,1076,1081,1083,1081,1081,1079,1070,1080,1094,1081,1063,1081,1069,1068,1075,1077,1076,1060,1070,1073,1065,1066,1068,1063,1058,1064,1066,1065,1069,1067,1064,1076,1066,1055,1067,1075,1061,1074,1083,1068,1050,1071,1075,1067,1058,1058,1062,1053,1050,1054,1070,1079,1080,1075,1066,1078,1092,1087,1073,1078,1079,1081,1079,1075,1080,1068,1058,1080,1084,1071,1057,1052,1052,1076,1071,1065,1063,1071,1078,1072,1056,1072,1087,1083,1068,1067,1068,1068,1078,1066,1069,1059,1058,1084,1085,1077,1069,1073,1065,1063,1063,1062,1062,1073,1079,1074,1075,1069,1068,1079,1076,1081,1079,1073,1070,1072,1077,1066,1061,1087,1061,1057,1060,1062,1048,1056,1050,1058,1054,1049,1048,1053,1044,1035,1046,1055,1059,1056,1051,1061,1053,1039,1040,1058,1067,1056,1064,1058,1051,1056,1056,1059,1076,1074,1061,1073,1069,1064,1056,1057,1061,1056,1056,1057,1057,1059,1057,1052,1081,1067,1051,1059,1062,1062,1059,1049,1042,1036,1042,1061,1059,1052,1054,1053,1053,1063,1054,1049,1054,1066,1048,1051,1065,1058,1042,1034,1045,1049,1053,1046,1038,1053,1057,1051,1037,1024,998,999,1003,996,993,1000,1017,1010,1003,990,984,994,993,980,968,987,993,987,977,979,982,995,990,985,974,984,983,965,975,979,988,980,976,974,960,959,960,968,956,971,966,971,978,990,979,973,985,983,968,976,980,973,974,990,982,985,994,981,978,979,979,976,988,1000,984,967,966,975,986,983,974,973,983,988,985,991,976,985,995,997,986,978,980,972,963,985,989,992,981,978,999,976,984,1007,989,985,1001,1009,1011,1006,1000,999,994,1004,1010,1007,1001,994,1004,1006,1006,1003,1007,996,992,986,987,985,986,1003,985,967,996,983,978,981,971,967,966,987,986,967,975,986,975,983,986,993,993,981,980,978,986,994,993,987,980,989,983,978,1005,1011,999,999,999,993,995,1002,997,994,983,993,994,989,1003,973,974,980,978,1002,998,993,989,997,1000,999,1003,1000,1001,1007,1001,994,1003,1012,1011,992,983,995,1006,1016,995,976,977,995,984,957,997,1000,991,976,986,984,989,996,1005,994,999,984,968,1000,1011,1016,1027,1005,999,1000,1010,1018,1015,1014,1019,1028,1016,1011,1032,1022,1019,1003,1016,1019,1023,1015,1012,1015,994,998,1009,1012,1017,1000,985,970,977,981,994,1009,1014,1007,1005,1014,1003,988,1015,1019,997,995,1006,1015,1027,1030,1022,998,1004,1010,985,1000,1014,1016,1006,1008,1013,1014,1016,1024,1031,1015,1014,1014,999,1001,1011,1037,1026,1012,1004,1013,1014,1023,1024,1025,1010,1022,1028,1020,1006,1013,1018,1014,1024,1042,1041,1020,1029,1018,1020,1033,1025,1015,1023,1032,1020,1035,1034,1031,1040,1022,1030,1039,1035,1021,1028,1035,1056,1051,1041,1013,1022,1033,1029,1036,1032,1049,1045,1040,1039,1030,1010,1012,1017,1024,1015,1000,1022,1016,1014,1019,1017,1027,1032,1020,1027,1031,1035,1029,1031,1027,1050,1020,1008,1019,1023,1026,1027,1027,1043,1034,1017,1015,1012,1031,1050,1032,1028,1021,1033,1043,1054,1043,1045,1056,1051,1043,1045,1039,1049,1040,1038,1050,1047,1053,1054,1046,1034,1033,1043,1054,1039,1035,1025,1032,1026,1024,1037,1046,1027,1009,1012,1012,1014,1025,1025,1016,1028,1029,1030,1052,1063,1061,